pos1_est	pos2_est	vel_est	yaw_angle_est	yaw_rate_est	px_measured	py_measured	px_gt	py_gt	vx_gt	vy_gt	rmse_x	rmse_y	rmse_vx	rmse_vy	NIS
0.312243	0.58034	0	0	0	0.312243	0.58034	0.6	0.6	5.19994	0	0.287757	0.0196602	5.19994	0	0	
0.67473	0.521529	8.86784	1.86563e-17	2.61216e-17	0.862916	0.534212	0.859997	0.600045	5.19975	0.00179686	0.242	0.0572331	4.49968	0.00127057	28.0757	
1.16444	0.488434	8.89205	-0.0515755	-0.0170739	1.17385	0.481073	1.11998	0.600225	5.19943	0.00538996	0.199252	0.0796836	4.24431	0.267776	0.0970296	
1.25688	0.509473	8.80505	0.140941	0.145072	0.969149	0.397513	1.37996	0.600629	5.19898	0.0107781	0.183202	0.0827008	4.07505	0.65545	1.84369	
1.64183	0.592745	8.76536	0.255357	0.340238	1.65063	0.62469	1.6399	0.601347	5.19839	0.0179597	0.163863	0.0740698	3.92939	1.14379	0.105158	
1.86227	0.57239	5.79573	0.11933	-0.211567	1.62331	0.499091	1.89982	0.60247	5.19766	0.0269323	0.150369	0.0687222	3.59423	1.07865	2.22955	
2.16068	0.621972	5.88493	0.138266	-0.00818599	2.18882	0.648739	2.1597	0.604086	5.19678	0.0376932	0.139215	0.0639826	3.33617	1.04054	0.112011	
2.36527	0.665449	5.44984	0.183715	0.329504	1.96701	0.557117	2.41954	0.606284	5.19573	0.0502389	0.13163	0.0634004	3.12123	1.02912	2.22616	
2.63418	0.691563	5.52542	0.140749	-0.0493203	2.65526	0.66598	2.67932	0.609155	5.1945	0.0645654	0.125011	0.0657842	2.94416	0.998757	0.0858398	
2.91137	0.660476	5.67495	-0.00900064	-0.855074	2.92034	0.645898	2.93904	0.612786	5.19309	0.080668	0.118918	0.0642047	2.79723	0.94842	0.170984	
3.12626	0.647008	5.30478	-0.0420743	-0.810491	3.01222	0.637046	3.19869	0.617267	5.19147	0.0985415	0.115468	0.0618701	2.66725	0.909469	0.868881	
3.42773	0.511963	5.94643	-0.319138	-2.03087	3.56096	0.485311	3.45825	0.622685	5.18963	0.11818	0.110903	0.0673093	2.5571	1.0422	0.898368	
3.75289	0.359369	6.48313	-0.504978	-2.45533	3.89365	0.311793	3.71772	0.62913	5.18754	0.139576	0.106997	0.098893	2.46048	1.35211	1.46832	
4.04511	0.530829	4.99013	-0.058706	0.423541	4.19786	0.698311	3.97708	0.636689	5.18519	0.162724	0.104696	0.0994069	2.3716	1.3086	4.67953	
4.28734	0.541545	4.89823	0.0164401	0.680509	4.30935	0.578564	4.23632	0.645449	5.18256	0.187614	0.102	0.0997131	2.29237	1.26453	0.139966	
4.53868	0.615751	5.34522	0.188431	1.41319	4.61908	0.68951	4.49542	0.655498	5.17962	0.214238	0.0993515	0.0970568	2.21965	1.24008	0.57991	
4.62163	0.829073	4.45846	0.628422	3.42982	4.35143	0.899174	4.75437	0.666921	5.17634	0.242587	0.10162	0.102042	2.18677	1.3342	5.91812	
4.90916	0.77824	4.84641	0.311382	0.934494	5.20902	0.66599	5.01315	0.679804	5.1727	0.272649	0.101754	0.101845	2.12924	1.32772	3.60033	
5.24464	0.735417	5.1105	0.0855774	-0.257541	5.51894	0.648233	5.27175	0.694234	5.16867	0.304413	0.0992347	0.0995778	2.07253	1.29266	5.69801	
5.49369	0.71663	5.75221	-0.0129397	-0.669921	5.22835	0.639362	5.53013	0.710295	5.16422	0.337868	0.0970646	0.0970668	2.02432	1.2633	1.18798	
5.84652	0.705239	6.33806	-0.0599164	-0.710132	6.022	0.708619	5.78828	0.728072	5.15932	0.372999	0.095574	0.0948584	1.99189	1.24374	2.03837	
6.09706	0.506622	5.87605	-0.413069	-2.29365	5.89392	0.373584	6.04618	0.747647	5.15393	0.409793	0.0940048	0.10597	1.9467	1.35092	1.70681	
6.35835	0.770688	5.03437	0.146085	0.919217	6.34249	0.948833	6.30379	0.769103	5.14803	0.448233	0.0926396	0.103642	1.90423	1.32256	4.52117	
6.60917	0.819991	5.38433	0.210431	0.998556	6.62134	0.836138	6.5611	0.792523	5.14157	0.488305	0.0912183	0.101614	1.8643	1.30121	0.0391158	
6.83054	0.768013	5.15666	0.058389	0.0630251	6.78214	0.714036	6.81808	0.817988	5.13452	0.52999	0.08941	0.100062	1.82664	1.27575	0.542102	
7.09374	0.706132	5.15107	-0.0941979	-0.695364	7.29121	0.630741	7.07469	0.845578	5.12685	0.573269	0.0877533	0.101858	1.79117	1.26806	0.771292	
7.25894	0.876162	4.65225	0.245297	0.999396	7.13735	0.957217	7.3309	0.875373	5.11851	0.618123	0.0872194	0.0999544	1.76154	1.24824	2.02716	
7.58261	0.874331	5.81525	0.135416	0.218196	8.08349	0.819605	7.58668	0.907449	5.10946	0.664531	0.0856512	0.0983526	1.73419	1.22596	3.59507	
7.83287	0.772934	5.56258	-0.117347	-0.973798	7.80533	0.719126	7.84199	0.941886	5.09966	0.712469	0.0841786	0.101607	1.70585	1.23097	0.517265	
8.10789	0.785893	5.35184	-0.0891361	-0.661071	8.40453	0.884557	8.0968	0.978759	5.08907	0.761915	0.0827885	0.105923	1.67776	1.23121	1.25749	
8.31116	0.819658	5.01348	-0.000258321	-0.102075	8.24796	0.840322	8.35106	1.01814	5.07766	0.812843	0.0817568	0.11013	1.65052	1.21999	0.368054	
8.56608	1.04067	5.75072	0.423774	1.94452	8.45858	1.41118	8.60472	1.06011	5.06537	0.865226	0.0807586	0.10845	1.62483	1.22968	3.72479	
8.79025	1.08598	5.60267	0.411227	1.49772	8.74615	1.04858	8.85775	1.10473	5.05216	0.919037	0.080389	0.106844	1.60008	1.23254	0.28239	
9.13637	1.13974	5.84839	0.327413	0.801477	9.8809	1.1419	9.1101	1.15208	5.03798	0.974245	0.079326	0.105283	1.5787	1.22419	6.9015	
9.35051	1.10655	5.17662	0.157475	-0.173239	9.25579	1.04913	9.36172	1.20223	5.0228	1.03082	0.0782075	0.10502	1.55606	1.20714	1.02683	
9.65195	1.25418	5.81353	0.321352	0.671766	10.1016	1.52474	9.61255	1.25524	5.00656	1.08873	0.0773927	0.103552	1.53665	1.19676	3.58219	
9.94654	1.4067	6.22029	0.439244	1.03249	10.0484	1.44598	9.86254	1.31118	4.98922	1.14794	0.0775787	0.103343	1.51939	1.20587	0.85428	
10.2078	1.58549	5.94531	0.592457	1.60592	10.5377	1.72555	10.1117	1.37011	4.97074	1.20841	0.0781246	0.107793	1.49928	1.23821	1.62606	
10.3852	1.55157	4.90492	0.392061	0.385156	10.2492	1.45907	10.3598	1.4321	4.95106	1.2701	0.0772241	0.108108	1.48145	1.22606	2.24301	
10.6345	1.65126	5.14444	0.398416	0.34323	10.9084	1.70343	10.6069	1.49721	4.93014	1.33298	0.0763773	0.109492	1.46312	1.21516	0.953454	
10.8286	1.54156	4.38241	0.0720213	-1.21503	10.7313	1.45265	10.853	1.56549	4.90794	1.39701	0.0755361	0.108213	1.44759	1.21208	1.66917	
11.1274	1.52893	5.56905	-0.0523169	-1.45839	11.4783	1.42876	11.0979	1.637	4.8844	1.46213	0.0747704	0.10821	1.43407	1.22774	1.90778	
11.4444	1.57865	6.02323	0.017211	-0.767977	11.587	1.61462	11.3416	1.71179	4.85948	1.52832	0.0755414	0.108855	1.42835	1.23268	1.53339	
11.6775	1.56684	5.58581	-0.0396675	-0.8635	11.4763	1.53917	11.584	1.78992	4.83313	1.59551	0.0759963	0.112744	1.41652	1.249	0.562224	
11.8621	1.70958	5.082	0.196786	0.332001	11.7788	1.74591	11.8251	1.87144	4.80531	1.66366	0.0753491	0.114065	1.40095	1.23908	0.866201	
12.1223	1.84671	5.73618	0.36789	1.02493	12.136	2.14937	12.0647	1.95639	4.77598	1.73273	0.0750079	0.113972	1.38824	1.2265	0.977981	
12.3579	1.82554	5.52608	0.217606	0.168663	12.3226	1.78353	12.3029	2.04482	4.74508	1.80265	0.0746383	0.117202	1.37667	1.21664	0.360653	
12.6171	1.86112	5.80264	0.182965	-0.0357112	12.5457	1.77728	12.5394	2.13677	4.71257	1.87338	0.0747019	0.122609	1.36977	1.20967	0.156228	
12.7452	2.1379	5.39252	0.589542	1.72904	12.5924	2.17509	12.7743	2.23227	4.67842	1.94485	0.0740527	0.122098	1.35601	1.20668	2.31804	
13.0217	2.35269	6.67076	0.695488	1.67914	13.2198	2.66441	13.0075	2.33137	4.64258	2.01701	0.0733359	0.120909	1.34409	1.23647	1.63138	
13.195	2.46215	5.97488	0.65527	1.19059	13.0875	2.40708	13.2388	2.43409	4.605	2.08981	0.0728718	0.119782	1.33098	1.24341	1.09531	
13.3173	2.76925	6.43093	0.943185	2.1726	12.7087	3.12439	13.4682	2.54047	4.56565	2.16317	0.0751407	0.122794	1.32265	1.30166	5.13709	
13.6797	2.67145	5.23152	0.445024	-0.571754	13.836	2.62479	13.6955	2.65053	4.52448	2.23703	0.0744603	0.121664	1.3104	1.28932	3.44778	
13.8985	2.77923	5.3459	0.414144	-0.598706	13.8302	2.73893	13.9208	2.7643	4.48147	2.31134	0.07383	0.120549	1.29942	1.27751	0.0787229	
14.1437	2.91507	5.62373	0.422547	-0.395849	14.2106	2.94205	14.1439	2.88179	4.43656	2.38601	0.0731557	0.119533	1.29094	1.26589	0.35232	
14.4123	2.99167	5.79381	0.330155	-0.736831	14.5568	2.87021	14.3646	3.00303	4.38974	2.46099	0.0727794	0.11847	1.28764	1.25695	0.317755	
14.5981	2.96215	5.08883	0.120352	-1.55544	14.4616	2.90734	14.583	3.12802	4.34097	2.5362	0.0721659	0.119464	1.27977	1.27171	1.58176	
14.827	3.15728	5.4853	0.35891	-0.0920595	14.6754	3.96041	14.7989	3.25679	4.29021	2.61157	0.0716364	0.119148	1.27353	1.2639	3.94581	
15.0103	3.44238	5.46558	0.710089	1.41843	15.0261	3.5067	15.0122	3.38932	4.23744	2.68703	0.0710271	0.118336	1.26275	1.25832	0.749913	
15.2297	3.68151	6.1242	0.847844	1.6736	15.3685	4.14761	15.2228	3.52563	4.18263	2.76249	0.0704383	0.119059	1.2523	1.26996	1.70017	
15.456	3.83165	5.97311	0.776731	0.996897	15.5236	3.82936	15.4306	3.66572	4.12575	2.83789	0.0699341	0.119975	1.24211	1.27129	0.407751	
15.6792	3.93712	5.64809	0.654804	0.146409	15.7234	3.4105	15.6355	3.80957	4.06678	2.91315	0.0695886	0.120101	1.23317	1.26277	1.48399	
15.9203	4.01401	5.36789	0.507351	-0.495683	15.9774	4.00094	15.8375	3.95719	4.00571	2.98817	0.0698175	0.119359	1.22639	1.25362	0.340835	
16.1419	4.14132	5.05204	0.491664	-0.396987	16.3376	4.21632	16.0363	4.10854	3.94251	3.0629	0.0705167	0.118493	1.21845	1.24667	0.553119	
16.3147	4.39876	5.4184	0.706799	0.652998	16.3313	4.44499	16.2319	4.26363	3.87716	3.13723	0.0707219	0.118767	1.20942	1.23795	0.384797	
16.542	4.55382	5.68492	0.674645	0.33864	16.7586	4.48231	16.4242	4.42242	3.80966	3.21109	0.0716681	0.118968	1.20272	1.22925	0.535082	
16.6877	4.70243	5.32919	0.67895	0.279358	16.6039	4.67344	16.613	4.5849	3.74	3.28438	0.0717142	0.118947	1.19475	1.22006	0.528943	
16.8568	4.89068	5.01801	0.768453	0.702002	16.9236	5.10119	16.7983	4.75103	3.66817	3.35704	0.0715372	0.119278	1.18595	1.21116	0.374152	
16.9779	5.1738	5.45876	0.979182	1.4431	16.9955	5.21099	16.9799	4.92077	3.59416	3.42897	0.0710174	0.122266	1.17919	1.20965	0.240692	
17.1692	5.29285	5.29806	0.825447	0.324958	17.3421	4.64623	17.1579	5.09409	3.51797	3.50008	0.0705213	0.123692	1.17077	1.2019	1.87247	
17.312	5.45165	5.02732	0.793809	0.116971	17.2894	5.43542	17.3319	5.27094	3.4396	3.57028	0.0700628	0.124676	1.16254	1.19341	0.0650822	
17.4956	5.52112	4.62198	0.626284	-0.72502	17.6463	4.74597	17.5019	5.45128	3.35907	3.63949	0.0695785	0.124081	1.15533	1.19015	2.40361	
17.7025	5.61868	4.70061	0.506723	-1.05164	17.7853	5.62476	17.6679	5.63506	3.27637	3.70762	0.069219	0.123243	1.15153	1.1937	0.469068	
17.8812	5.75667	4.4734	0.520035	-0.723831	17.9216	6.07151	17.8297	5.82221	3.19151	3.77458	0.0690103	0.122644	1.14654	1.19925	0.53754	
18.0381	6.07618	5.1573	0.858995	0.861361	18.1263	6.16985	17.9872	6.01269	3.10453	3.84027	0.0688004	0.122044	1.13928	1.19125	1.604	
18.1911	6.31659	5.64686	0.973239	1.13041	18.1245	6.79027	18.1402	6.20641	3.01542	3.90462	0.0685943	0.121896	1.13191	1.18663	0.865305	
18.2473	6.64412	6.04128	1.21871	1.89504	18.2164	6.66138	18.2888	6.40332	2.92421	3.96753	0.0683113	0.124172	1.12861	1.19477	0.215733	
18.3754	6.91573	6.48079	1.19686	1.16725	18.4022	7.02231	18.4328	6.60333	2.83093	4.0289	0.068182	0.128344	1.12258	1.20858	0.20481	
18.5632	6.86542	4.06595	0.918147	-0.113297	18.5422	6.76013	18.572	6.80638	2.7356	4.08867	0.0677563	0.127702	1.11586	1.20478	2.05118	
18.7113	7.08774	5.16042	0.909986	-0.243475	18.8089	7.24388	18.7064	7.01237	2.63825	4.14672	0.0673337	0.12718	1.11044	1.19726	0.5429	
18.9742	7.16725	5.02503	0.619662	-1.56846	19.1441	7.18344	18.8359	7.22122	2.53893	4.20299	0.0686573	0.126535	1.11695	1.19837	2.17848	
19.0757	7.29545	4.17536	0.633147	-1.12213	18.5479	7.4012	18.9604	7.43283	2.43767	4.25737	0.0694153	0.126673	1.11484	1.20728	2.96021	
19.0605	7.76298	4.76106	1.30301	2.02203	19.0138	7.8688	19.0798	7.64712	2.3345	4.3098	0.0690281	0.126548	1.11437	1.20038	2.6037	
19.2059	7.93251	5.34877	1.07753	0.250176	19.3089	7.67375	19.1939	7.86397	2.22949	4.36017	0.0686284	0.126015	1.10821	1.19383	0.766687	
19.2488	8.16055	5.10692	1.11888	0.29169	19.132	8.12845	19.3028	8.08329	2.12266	4.40842	0.0684745	0.125551	1.10173	1.18696	0.936541	
19.3337	8.36535	5.31622	1.08744	-0.116617	19.0239	8.17194	19.4062	8.30497	2.01409	4.45445	0.0685226	0.124989	1.09641	1.18035	1.63502	
19.4469	8.40143	4.14515	0.864648	-1.08604	19.347	8.30741	19.5042	8.5289	1.90381	4.49819	0.0684047	0.125018	1.09335	1.18236	1.54929	
19.5776	8.53528	4.03906	0.780233	-1.22204	19.6843	8.35902	19.5966	8.75494	1.7919	4.53956	0.0680452	0.126492	1.09318	1.18949	0.119689	
19.7773	8.76926	4.90881	0.775438	-0.909074	20.0039	8.8906	19.6835	8.983	1.67841	4.57848	0.0683896	0.127803	1.10414	1.18896	4.26095	
19.8733	8.96217	4.27346	0.883464	-0.14209	19.6061	9.48659	19.7645	9.21294	1.56341	4.61488	0.0689686	0.129811	1.10464	1.1904	1.06803	
19.989	9.31685	5.41433	1.14537	0.955279	20.1574	9.45949	19.8398	9.44463	1.44697	4.64869	0.0703497	0.129789	1.10165	1.18421	3.53097	
20.0167	9.56575	5.31081	1.31512	1.4625	19.6163	9.76606	19.9093	9.67795	1.32916	4.67984	0.0708571	0.129611	1.09565	1.17873	1.26471	
20.0731	9.85133	5.63987	1.38482	1.43527	20.1573	9.90876	19.9728	9.91275	1.21005	4.70826	0.0712392	0.129069	1.08988	1.17556	0.687579	
20.0679	10.2404	7.12778	1.49183	1.13664	19.1911	11.5493	20.0303	10.1489	1.08972	4.73389	0.0709656	0.128727	1.08543	1.1946	6.27083	
20.134	10.4819	6.36604	1.42959	0.679224	20.166	10.4687	20.0818	10.3863	0.968259	4.75666	0.0707941	0.128423	1.07973	1.19884	0.220216	
20.1011	10.7891	6.3222	1.54707	1.11109	19.6774	10.803	20.1271	10.6247	0.845742	4.77652	0.0704745	0.12885	1.07643	1.20294	1.7905	
20.2259	10.967	5.29258	1.41909	0.357813	20.371	11.0109	20.1663	10.864	0.722256	4.7934	0.0703708	0.12861	1.0709	1.19756	1.75377	
20.1926	11.3198	6.25053	1.5344	0.742798	19.4335	12.3402	20.1993	11.1041	0.597892	4.80727	0.0700142	0.129793	1.06608	1.20027	3.85586	
20.3067	11.4154	4.79488	1.32842	-0.392379	20.3164	11.3483	20.2261	11.3449	0.472738	4.81807	0.0701285	0.12933	1.06287	1.1943	0.863884	
20.2305	11.6657	4.49745	1.52504	0.817584	19.2063	12.2418	20.2466	11.5861	0.346889	4.82575	0.0697956	0.128929	1.05764	1.18878	6.7358	
20.3858	11.8178	4.03747	1.30148	-0.367267	20.6141	11.9422	20.2608	11.8275	0.220439	4.83027	0.0705534	0.128292	1.05581	1.18656	4.46201	
20.4005	12.023	4.65369	1.29644	-0.506599	19.966	11.9688	20.2687	12.0692	0.093487	4.83159	0.0714111	0.127744	1.05696	1.18124	2.0868	
20.3222	12.4173	5.77613	1.58623	0.872875	20.3263	12.4966	20.2701	12.3108	-0.0338694	4.82968	0.0712482	0.127555	1.05183	1.17918	0.909416	
20.2597	12.6714	5.63642	1.69377	1.13713	20.0192	12.4823	20.2652	12.5522	-0.161529	4.82451	0.0709069	0.127477	1.04805	1.17592	1.1505	
20.341	12.8352	4.60226	1.59014	0.649132	20.498	12.8924	20.254	12.7933	-0.28939	4.81605	0.071077	0.126934	1.04323	1.1705	2.00451	
20.3726	13.005	4.21477	1.52925	0.129451	20.9151	12.2555	20.2363	13.0339	-0.417348	4.80428	0.0719694	0.126365	1.03989	1.16639	1.81561	
20.2984	13.2205	4.3212	1.58907	0.306028	20.1943	13.1688	20.2122	13.2738	-0.545298	4.78918	0.072115	0.125879	1.036	1.16181	0.829659	
20.2621	13.4374	4.65011	1.59663	0.0921252	19.858	13.5236	20.1818	13.5129	-0.673135	4.77072	0.0721952	0.125505	1.03257	1.15648	1.18872	
20.2125	13.7773	5.51414	1.68718	0.490455	20.3245	13.8896	20.1449	13.7509	-0.800753	4.74892	0.0721541	0.124953	1.02793	1.15327	1.64938	
20.1626	13.9971	5.05541	1.74077	0.770019	20.3387	13.5307	20.1017	13.9878	-0.928043	4.72374	0.0720603	0.124387	1.02328	1.14828	0.675713	
20.0782	14.2888	5.48248	1.81175	0.910036	20.1216	14.337	20.0521	14.2233	-1.0549	4.69521	0.0717779	0.123982	1.01894	1.14465	0.279773	
19.9871	14.5334	5.56902	1.83222	0.564852	19.6717	14.4038	19.9962	14.4573	-1.18121	4.66331	0.0714618	0.123636	1.01467	1.14154	1.33614	
19.8494	14.8106	5.82548	1.89408	0.667764	19.781	14.773	19.934	14.6897	-1.30687	4.62805	0.0715885	0.123612	1.01147	1.1396	0.373705	
19.7883	15.0025	5.20086	1.84997	0.0755432	20.1149	14.0165	19.8655	14.9202	-1.43177	4.58944	0.0716392	0.12331	1.00702	1.13524	3.14756	
19.8446	15.1331	4.0688	1.75639	-0.234596	20.0208	15.2053	19.7908	15.1486	-1.55581	4.54751	0.0715038	0.122781	1.00544	1.13145	2.37719	
19.8119	15.2526	2.4728	1.85697	1.03113	20.0157	15.3443	19.7099	15.3749	-1.67887	4.50226	0.0718221	0.122777	1.00523	1.14379	1.47003	
19.7694	15.4291	2.9013	1.93026	1.20966	19.9131	15.554	19.6229	15.5989	-1.80085	4.45372	0.0727867	0.123255	1.00352	1.15017	2.08638	
19.755	15.5295	3.03065	1.77159	-0.338003	19.9388	15.0864	19.5298	15.8203	-1.92164	4.40193	0.0753834	0.125616	1.00659	1.15285	1.07951	
19.5295	15.9363	5.46959	2.01199	0.700679	19.4748	16.0098	19.4307	16.039	-2.04114	4.3469	0.0756099	0.125441	1.00272	1.1493	1.672	
19.4112	16.1516	5.41948	1.99208	0.205411	19.1556	16.0022	19.3257	16.2549	-2.15925	4.28868	0.0756979	0.125273	0.998543	1.14608	1.04406	
19.3007	16.3346	5.00254	1.99218	0.145566	19.238	16.2719	19.2148	16.4679	-2.27586	4.22731	0.0757879	0.125342	0.994627	1.14174	0.469696	
19.1982	16.5179	4.47538	2.07199	0.921239	19.4007	16.2962	19.0981	16.6777	-2.39087	4.16284	0.0760183	0.125662	0.990782	1.13726	0.337611	
18.9997	16.794	5.34927	2.17893	1.23309	19.0029	16.8387	18.9757	16.8841	-2.50418	4.0953	0.0757396	0.125414	0.988001	1.13294	0.266568	
18.821	17.0417	5.72112	2.28534	1.70567	18.8373	17.7112	18.8477	17.0872	-2.61571	4.02476	0.0754716	0.124974	0.989257	1.12868	2.98665	
18.5784	17.3168	6.36115	2.37103	1.66267	18.6148	17.3832	18.7142	17.2866	-2.72534	3.95127	0.0761444	0.124503	0.998925	1.12497	0.393144	
18.4595	17.5115	5.1785	2.18613	-0.999904	18.8177	17.0316	18.5752	17.4822	-2.83299	3.87489	0.0765388	0.124035	0.995051	1.12094	2.29715	
18.2811	17.6918	4.93936	2.15206	-1.03823	18.1023	17.5529	18.4309	17.674	-2.93858	3.79568	0.0773866	0.123556	0.991329	1.11691	2.8219	
18.1752	17.8271	4.1255	2.1755	-0.33666	18.2749	17.4877	18.2814	17.8617	-3.042	3.71372	0.0776532	0.12311	0.989367	1.11289	0.720442	
18.1059	17.9733	3.74887	2.1171	-0.587691	18.2094	18.0461	18.1268	18.0453	-3.14318	3.62906	0.0773735	0.122796	0.99113	1.10921	0.913503	
18.0141	18.0525	2.48757	2.23092	0.824209	18.3021	17.498	17.9671	18.2246	-3.24204	3.5418	0.0771854	0.12325	0.998724	1.11355	1.88398	
17.8878	18.1796	2.90438	2.30468	1.00119	17.9018	18.2183	17.8026	18.3994	-3.3385	3.45199	0.0772498	0.124272	1.00232	1.11505	0.130144	
17.8657	18.2609	2.35468	2.25222	0.486888	18.8558	18.1365	17.6334	18.5697	-3.43247	3.35973	0.0795686	0.126684	1.01283	1.11878	5.60098	
17.4934	18.6431	5.64922	2.31944	0.330018	17.3845	18.7039	17.4595	18.7353	-3.5239	3.26509	0.0793235	0.12646	1.0094	1.11714	2.91929	
17.325	18.7707	5.02404	2.43275	1.05891	17.7945	18.0801	17.281	18.8962	-3.61271	3.16817	0.0791182	0.126453	1.00578	1.113	1.73377	
17.1656	18.8931	4.64431	2.4789	1.02956	17.1762	18.8863	17.0983	19.0521	-3.69883	3.06904	0.0790374	0.126724	1.00205	1.10902	0.0343057	
16.9989	19.0597	4.60287	2.44632	0.254499	16.9398	19.7311	16.9113	19.203	-3.78221	2.9678	0.0791043	0.126854	0.998586	1.10494	3.07163	
16.7474	19.2158	5.01634	2.47139	0.223545	16.5734	19.052	16.7201	19.3488	-3.86278	2.86455	0.0788494	0.1269	0.994952	1.10111	3.11444	
16.5223	19.402	5.49684	2.54995	1.06441	16.1674	20.2201	16.5251	19.4894	-3.9405	2.75938	0.0785635	0.126658	0.992754	1.09742	3.16073	
16.2398	19.596	6.03403	2.599	1.07158	16.2338	19.6171	16.3262	19.6246	-4.01531	2.65237	0.0786226	0.126225	0.993991	1.09417	0.0779121	
16.0327	19.6654	5.16236	2.64775	0.714311	16.4366	18.2742	16.1237	19.7545	-4.08716	2.54364	0.0787175	0.125999	0.991192	1.09029	10.1719	
15.8495	19.7887	4.88912	2.68556	0.781716	15.9243	19.8703	15.9176	19.8789	-4.15602	2.43329	0.0786475	0.125781	0.987866	1.08667	0.669295	
15.6979	19.8661	3.92662	2.64582	-0.191185	16.2328	19.2166	15.7082	19.9978	-4.22185	2.32141	0.0783749	0.125823	0.986489	1.0835	1.91633	
15.4149	20.091	5.16269	2.55374	-0.609491	15.4332	20.1836	15.4956	20.111	-4.28461	2.2081	0.0783915	0.125394	0.983035	1.0811	0.789432	
15.1704	20.2517	5.53571	2.66451	0.922277	14.3677	21.3406	15.2799	20.2185	-4.34427	2.09347	0.0786499	0.124988	0.98078	1.07799	5.42334	
15.0745	20.3206	4.21418	2.68976	0.753362	15.2016	20.4385	15.0613	20.3203	-4.4008	1.97763	0.0783859	0.124556	0.978702	1.07432	1.91813	
14.8614	20.3902	4.37386	2.76888	1.04716	14.7476	19.9571	14.84	20.4162	-4.4542	1.86068	0.0781371	0.124148	0.975853	1.07087	2.11456	
14.629	20.5234	4.75827	2.7838	0.847179	14.6665	20.6088	14.6161	20.5063	-4.50443	1.74272	0.0778781	0.123733	0.972536	1.06724	0.510512	
14.3697	20.629	5.24303	2.8224	0.907691	13.841	21.0031	14.3897	20.5904	-4.55149	1.62386	0.077632	0.123355	0.969879	1.06363	0.801531	
14.1189	20.6909	5.20567	2.89212	0.996001	14.0521	20.5924	14.1611	20.6686	-4.59537	1.50421	0.0774483	0.122954	0.967319	1.0602	0.789707	
13.875	20.7692	5.11365	2.90166	0.663552	13.8232	20.859	13.9304	20.7408	-4.63606	1.38386	0.077322	0.122565	0.964468	1.05675	0.0695502	
13.5681	20.8415	5.56908	2.92318	0.559337	13.4686	20.7253	13.6977	20.807	-4.67357	1.26294	0.0777834	0.122191	0.963274	1.05326	1.35058	
13.3407	20.8614	5.23646	3.02011	0.986077	13.8263	20.4261	13.4632	20.8671	-4.70789	1.14153	0.0781619	0.121789	0.960922	1.05059	0.954985	
13.1195	20.8719	4.94694	3.09964	1.09506	13.1072	20.8294	13.2271	20.9211	-4.73904	1.01975	0.0783898	0.121455	0.957918	1.04921	0.132186	
12.9296	20.908	4.30257	3.10681	0.703311	13.2669	21.1579	12.9895	20.969	-4.76702	0.897694	0.0782838	0.12116	0.955544	1.04753	1.97517	
12.7877	20.9458	3.8463	3.16449	0.85162	12.8729	21.0592	12.7506	21.0108	-4.79186	0.775469	0.0780876	0.120882	0.955487	1.04645	1.19438	
12.5248	20.9923	4.64052	3.12414	0.510649	11.5171	21.6724	12.5106	21.0465	-4.81358	0.653175	0.0778453	0.120572	0.952521	1.0441	3.0405	
12.2249	21.0842	5.26211	3.01923	-0.0819256	12.2062	21.11	12.2695	21.0761	-4.83219	0.530912	0.0776785	0.120189	0.949994	1.0408	0.187545	
12.0099	21.0863	5.20072	3.14983	0.83264	12.3859	21.1066	12.0276	21.0996	-4.84773	0.408778	0.077445	0.119812	0.947399	1.03813	0.819798	
11.7562	21.0321	5.15734	3.23257	0.85436	11.6814	20.8651	11.785	21.117	-4.86022	0.286869	0.0772349	0.119625	0.944668	1.03659	1.98338	
11.5186	21.0001	4.77492	3.25402	0.525162	11.5265	20.6748	11.5418	21.1283	-4.86971	0.165281	0.0770151	0.11968	0.941763	1.03483	1.04265	
11.3222	21.007	4.54146	3.29049	0.596322	11.363	21.0688	11.2982	21.1335	-4.87623	0.0441057	0.0767988	0.119724	0.939324	1.03316	0.335039	
11.0593	20.9488	4.86394	3.32757	0.552069	10.5558	20.5567	11.0544	21.1327	-4.87982	-0.076565	0.0765624	0.120226	0.936453	1.032	4.20188	
10.8707	20.9159	4.5792	3.40095	0.758008	10.8903	20.927	10.8105	21.1259	-4.88053	-0.196643	0.0764729	0.120979	0.934255	1.03167	0.050235	
10.567	20.928	4.9147	3.24723	-0.292543	9.30535	21.3896	10.5666	21.1131	-4.8784	-0.31604	0.0762394	0.121473	0.931402	1.02864	4.17799	
10.1818	21.0953	5.99301	2.90947	-1.68567	10.189	21.209	10.3229	21.0943	-4.87349	-0.434674	0.0767983	0.121104	0.931571	1.03519	1.34589	
9.95847	21.0477	5.61539	3.22292	0.94179	9.97958	21.2932	10.0795	21.0697	-4.86585	-0.552463	0.0771409	0.120751	0.930492	1.0321	1.61819	
9.91123	20.9816	3.60193	3.2921	0.81088	9.99634	20.9797	9.83658	21.0391	-4.85554	-0.669327	0.0771262	0.120471	0.933093	1.02905	1.1989	
9.68907	20.9547	4.1899	3.34135	0.949476	9.38223	21.111	9.59422	21.0028	-4.84262	-0.785189	0.0772437	0.120169	0.932043	1.02599	0.320175	
9.52567	20.9051	3.97777	3.44341	1.28362	9.53921	20.8762	9.35258	20.9607	-4.82714	-0.899977	0.0781574	0.119889	0.932648	1.02318	0.0917764	
9.35549	20.8466	4.34022	3.56615	1.72594	9.63392	20.9724	9.11177	20.9128	-4.80919	-1.01362	0.0801378	0.119644	0.932206	1.02189	0.791122	
8.84741	20.8829	6.37673	3.15811	-0.546563	8.70331	20.8221	8.87192	20.8594	-4.78881	-1.12605	0.0799251	0.119307	0.937366	1.02188	2.8607	
8.65767	20.7778	5.52542	3.37197	0.47319	9.84634	20.009	8.63315	20.8003	-4.76608	-1.2372	0.0797143	0.118972	0.935807	1.01891	5.34717	
8.2952	20.6797	6.41828	3.37447	0.244641	8.22277	20.4839	8.39557	20.7358	-4.74108	-1.34701	0.0798491	0.118705	0.940078	1.01601	2.66529	
8.02268	20.6117	6.05482	3.38675	0.159844	8.29647	20.4978	8.1593	20.6657	-4.71387	-1.45542	0.0802902	0.118434	0.941488	1.01309	0.232352	
7.86369	20.5017	5.17635	3.52165	0.778608	7.88599	20.45	7.92445	20.5903	-4.68453	-1.56237	0.0801921	0.118285	0.93884	1.01055	0.406313	
7.68214	20.4199	5.126	3.62535	1.30441	8.29081	20.6565	7.69111	20.5096	-4.65313	-1.66781	0.0799668	0.118142	0.936209	1.00912	2.93293	
7.24653	20.3894	6.37919	3.4277	0.0290695	7.18029	20.392	7.45939	20.4237	-4.61975	-1.7717	0.0813298	0.117836	0.940346	1.00627	0.832925	
6.96711	20.294	6.29044	3.45991	0.148879	7.09214	20.1196	7.22939	20.3326	-4.58448	-1.87399	0.0834496	0.11754	0.94347	1.00347	0.269184	
6.78484	20.1873	5.48884	3.56761	0.551432	6.81542	20.1859	7.00119	20.2364	-4.54738	-1.97462	0.0847728	0.117268	0.941434	1.0009	0.196771	
6.57729	20.09	5.21882	3.61709	0.681844	6.89359	20.1536	6.7749	20.1352	-4.50854	-2.07357	0.0858105	0.116991	0.938867	0.998393	0.5242	
6.37573	19.9952	5.03779	3.6761	0.804579	6.38914	20.0137	6.55059	20.0292	-4.46805	-2.17079	0.0865545	0.116694	0.936322	0.996065	0.0394683	
6.21319	19.8996	4.8844	3.76239	1.15455	6.67637	20.2142	6.32834	19.9183	-4.42598	-2.26625	0.0867374	0.116382	0.934349	0.994239	2.6689	
5.89569	19.8216	5.53422	3.6437	0.363597	5.86119	19.8306	6.10823	19.8027	-4.38241	-2.35993	0.0879153	0.116072	0.932437	0.991773	0.260422	
5.62588	19.6707	6.04941	3.67079	0.443858	5.28178	19.5036	5.89034	19.6824	-4.33744	-2.45178	0.0898176	0.115759	0.932183	0.99007	1.07117	
5.60871	19.5115	4.5359	3.96334	1.57662	5.69089	19.5755	5.67472	19.5577	-4.29114	-2.5418	0.0897059	0.115496	0.933854	0.989054	1.24359	
5.50928	19.3194	4.36625	4.13486	1.9932	5.9506	18.9859	5.46145	19.4284	-4.24359	-2.62995	0.0895331	0.115462	0.941271	0.989268	1.28769	
5.20238	19.2801	4.58349	3.85067	0.359123	5.17021	19.4397	5.25059	19.2948	-4.19488	-2.71622	0.089363	0.115158	0.94021	0.986815	2.33684	
5.12304	19.1505	4.31868	4.01587	1.12253	5.87397	19.301	5.04219	19.157	-4.1451	-2.80059	0.0893199	0.114852	0.943049	0.984895	2.94184	
4.91823	19.0118	4.71042	3.96543	0.666968	4.89149	18.982	4.8363	19.015	-4.09432	-2.88305	0.0892824	0.114548	0.942797	0.983171	0.153871	
4.67715	18.8627	5.39937	3.85946	0.108952	3.98679	19.0452	4.63297	18.8689	-4.04263	-2.96359	0.0891048	0.114247	0.940314	0.981508	1.71395	
4.4565	18.7706	5.34845	3.77556	-0.274556	4.4685	18.834	4.43224	18.7188	-3.99012	-3.0422	0.0888886	0.11401	0.938133	0.978977	0.308012	
4.30576	18.6047	5.09601	3.85734	0.129922	4.69245	18.4634	4.23416	18.5648	-3.93685	-3.11888	0.0888072	0.113749	0.93571	0.97656	0.609154	
4.22597	18.4579	4.40722	4.01105	0.730687	4.26269	18.481	4.03876	18.4071	-3.88293	-3.19362	0.0895961	0.113512	0.936276	0.974107	0.25744	
3.99485	18.3176	5.66692	3.94387	0.450797	3.42434	18.8357	3.84606	18.2457	-3.82841	-3.26644	0.0900011	0.113337	0.933894	0.973322	3.65861	
3.54672	18.2005	6.67582	3.55182	-1.36339	3.45919	18.167	3.65611	18.0807	-3.77339	-3.33732	0.0901112	0.113371	0.946557	0.972025	1.32423	
3.38632	18.0347	5.98493	3.70248	-0.322401	4.3011	17.9267	3.46891	17.9122	-3.71795	-3.40627	0.0900744	0.11342	0.949051	0.969673	3.27415	
3.13088	17.8531	6.1403	3.70335	-0.347858	3.12525	17.7493	3.28449	17.7402	-3.66215	-3.47331	0.0905097	0.113417	0.952931	0.967316	0.688024	
2.84164	17.6858	6.93249	3.74377	0.290399	2.65664	17.888	3.10287	17.565	-3.60609	-3.53844	0.0921699	0.113456	0.962244	0.965265	0.70913	
2.84196	17.5833	4.92092	3.97432	1.36607	2.9449	17.8154	2.92405	17.3866	-3.54982	-3.60167	0.092122	0.114026	0.959972	0.962841	4.86786	
2.73285	17.3559	5.32175	4.17057	2.13115	3.26647	17.0897	2.74805	17.2051	-3.49344	-3.66302	0.0918976	0.114239	0.959033	0.962521	1.82809	
2.56943	17.1304	5.55599	4.23967	1.93291	2.55407	17.0853	2.57486	17.0205	-3.437	-3.72251	0.0916696	0.114218	0.958783	0.963998	0.156624	
2.48403	16.9369	4.57284	4.33971	1.87436	2.55039	16.8884	2.4045	16.833	-3.38059	-3.78014	0.0916134	0.114169	0.963994	0.962199	0.270191	
2.2849	16.7864	4.69176	4.20836	0.898816	2.25371	16.8334	2.23695	16.6427	-3.32428	-3.83595	0.0914495	0.114333	0.964481	0.960016	0.394453	
2.09756	16.5485	4.98319	4.11949	0.222442	1.57735	16.0489	2.07221	16.4497	-3.26812	-3.88995	0.0912423	0.114262	0.96271	0.957811	4.81129	
1.93155	16.278	5.61833	4.14464	0.302352	1.88972	16.1054	1.91027	16.254	-3.21219	-3.94216	0.0910316	0.113996	0.960452	0.957083	2.19432	
1.77721	16.1033	5.30149	4.09534	-0.00429806	1.74362	16.2687	1.75112	16.0557	-3.15656	-3.99261	0.0908286	0.113767	0.958138	0.955036	0.368053	
1.47219	16.0001	5.59019	3.819	-1.13289	1.44745	16.0853	1.59474	15.8549	-3.10129	-4.04132	0.0910084	0.11394	0.95979	0.953459	0.815564	
1.34458	15.7465	6.0326	4.04236	0.36988	1.6097	15.5526	1.44111	15.6517	-3.04644	-4.08832	0.0910358	0.113855	0.958709	0.952199	1.22926	
1.17704	15.4998	6.06605	4.10172	0.484796	1.18395	15.4284	1.29021	15.4463	-2.99207	-4.13364	0.0911544	0.113643	0.957004	0.951677	0.354676	
0.984497	15.3109	5.76008	4.05408	0.0922156	0.828993	15.528	1.14201	15.2386	-2.93825	-4.1773	0.0915844	0.113482	0.955578	0.949769	0.728448	
0.744914	15.0797	6.2005	3.99603	-0.198626	0.722706	15.0075	0.996486	15.0288	-2.88503	-4.21933	0.0929941	0.113267	0.956803	0.948038	0.41984	
0.631188	14.9061	5.50971	4.06655	0.209734	1.03147	15.2134	0.853604	14.8169	-2.83246	-4.25977	0.0940237	0.113165	0.955122	0.945848	2.19863	
0.677974	14.708	4.35039	4.35383	1.40826	0.737301	14.7047	0.71333	14.603	-2.78061	-4.29864	0.093834	0.113128	0.956743	0.943751	0.737655	
0.604934	14.4554	5.15948	4.46366	1.62414	0.722177	14.2445	0.575628	14.3872	-2.72952	-4.33598	0.0936359	0.11296	0.959704	0.942639	0.779446	
0.328666	14.2235	5.65547	4.1733	-0.0710906	0.253435	14.2029	0.440459	14.1696	-2.67925	-4.37181	0.0937285	0.112757	0.957591	0.941018	1.00892	
0.159438	13.966	6.40745	4.1687	0.0385568	-0.0328023	13.9604	0.307779	13.9502	-2.62984	-4.40617	0.0940544	0.112501	0.956507	0.941695	0.36346	
0.366101	13.6938	4.98313	4.73337	2.43687	0.459172	13.6856	0.177545	13.7292	-2.58135	-4.43909	0.0947064	0.112267	0.971563	0.940245	1.94986	
0.307998	13.4628	5.37409	4.72366	1.81654	0.0524412	13.6377	0.0497099	13.5065	-2.53381	-4.47061	0.0960947	0.112048	0.98513	0.940078	0.906632	
-0.0637889	13.2619	5.00138	4.1464	-1.13196	-0.190344	13.2856	-0.0757753	13.2823	-2.48728	-4.50075	0.0958785	0.1118	0.982966	0.938119	2.97703	
-0.189121	13.0386	5.69693	4.1615	-0.631414	-0.275043	13.1456	-0.198962	13.0566	-2.44179	-4.52955	0.0956626	0.111553	0.981406	0.93624	0.326477	
-0.0519645	12.8573	4.20112	4.56602	1.23823	0.0462308	12.9301	-0.319903	12.8295	-2.39739	-4.55704	0.0971328	0.111315	0.986514	0.934509	2.04511	
-0.20385	12.6143	4.88646	4.41977	0.27143	-0.684792	12.3563	-0.438654	12.6011	-2.35412	-4.58326	0.0981867	0.111068	0.98633	0.932424	2.86378	
-0.41921	12.3977	5.18299	4.16513	-0.898461	-0.476482	12.3633	-0.555273	12.3714	-2.31202	-4.60823	0.0983891	0.110833	0.984453	0.930411	0.591022	
-0.621095	12.1917	6.20933	4.06137	-0.90073	-0.972122	12.5207	-0.669818	12.1404	-2.27111	-4.63198	0.0982232	0.110638	0.987297	0.928559	2.61816	
-0.638306	11.9928	5.27047	4.26833	0.148618	-0.582624	12.0386	-0.78235	11.9083	-2.23144	-4.65456	0.098474	0.110536	0.985103	0.926519	0.687974	
-0.88176	11.7472	6.20467	4.09211	-0.665295	-1.26757	11.6495	-0.892931	11.6751	-2.19304	-4.67598	0.0982587	0.110395	0.987408	0.9248	1.73605	
-1.14109	11.4879	6.7466	3.97772	-1.01206	-1.17212	11.3988	-1.00163	11.4409	-2.15594	-4.69628	0.098478	0.110196	0.997674	0.92299	0.66745	
-1.23365	11.2237	6.03826	4.09545	-0.400839	-0.891441	10.959	-1.1085	11.2057	-2.12017	-4.71549	0.0986107	0.10996	0.999629	0.921068	2.30794	
-1.39694	11.0162	5.8043	4.09664	-0.290454	-1.39289	11.0424	-1.21362	10.9695	-2.08575	-4.73364	0.099138	0.109763	1.00095	0.919055	0.0541665	
-1.48466	10.7736	6.08695	4.26771	0.973355	-1.29894	10.9012	-1.31706	10.7324	-2.05273	-4.75075	0.0995376	0.109558	0.999467	0.918367	0.947607	
-1.53952	10.4985	5.84292	4.41746	1.41531	-1.49687	10.4198	-1.41889	10.4945	-2.02111	-4.76686	0.0996386	0.109321	0.997528	0.917979	0.583743	
-1.62039	10.221	5.69393	4.47982	1.31482	-1.59293	10.0212	-1.51917	10.2559	-1.99093	-4.78198	0.0996455	0.109109	0.996372	0.917351	0.512863	
-1.61672	10.0629	4.91186	4.63851	1.78756	-1.61875	10.2374	-1.61797	10.0165	-1.96221	-4.79615	0.0994315	0.108917	0.99974	0.915405	2.09665	
-1.61533	9.84856	4.84165	4.75065	1.90543	-1.59702	9.96554	-1.71539	9.77637	-1.93498	-4.80939	0.0994342	0.108787	1.00718	0.913449	0.170901	
-1.69138	9.6512	4.71621	4.68529	1.204	-1.73381	9.71347	-1.81147	9.53564	-1.90924	-4.82172	0.0995312	0.108816	1.01173	0.91153	0.479169	
-1.87388	9.38682	5.42089	4.38764	-0.409497	-2.27191	9.37316	-1.90631	9.29431	-1.88502	-4.83316	0.0993425	0.108752	1.00964	0.909813	2.8437	
-1.94159	9.01747	6.28138	4.45636	0.0980317	-1.93833	8.77028	-1.99998	9.05243	-1.86233	-4.84374	0.0992052	0.108546	1.00766	0.911417	4.2887	
-1.99637	8.81062	5.5453	4.4617	0.0834601	-1.96565	9.13274	-2.09256	8.81003	-1.8412	-4.85347	0.0991928	0.108318	1.00599	0.910121	1.41306	
-2.15237	8.55158	5.87355	4.34659	-0.436433	-2.1768	8.5411	-2.18412	8.56717	-1.82164	-4.86238	0.0990063	0.108096	1.00405	0.909107	0.122097	
-2.41099	8.24682	7.01044	4.11729	-1.31538	-2.65862	8.19477	-2.27474	8.32388	-1.80365	-4.87047	0.0991905	0.107985	1.01131	0.909216	1.5868	
-2.31165	8.06229	5.21173	4.44105	0.424214	-2.21875	8.15339	-2.3645	8.0802	-1.78726	-4.87778	0.0990431	0.107767	1.00953	0.907374	2.3091	
-2.29813	7.89907	4.87449	4.59937	1.29121	-2.273	8.52315	-2.45348	7.83617	-1.77248	-4.8843	0.0993415	0.10762	1.0105	0.905501	5.13623	
-2.5189	7.6214	5.71549	4.35993	-0.142286	-2.59674	7.60288	-2.54177	7.59184	-1.75931	-4.89006	0.0991477	0.107415	1.00851	0.904148	0.972154	
-2.79608	7.33007	6.79948	4.07702	-1.3636	-3.08256	7.38874	-2.62944	7.34723	-1.74777	-4.89507	0.0995177	0.107201	1.01704	0.90305	2.14629	
-2.85632	7.09238	6.02607	4.22703	-0.379539	-2.79865	7.064	-2.71658	7.10238	-1.73786	-4.89933	0.0997149	0.106983	1.01728	0.901626	0.577411	
-2.85211	6.88207	5.36285	4.44531	1.01027	-2.79412	7.20818	-2.80326	6.85734	-1.72958	-4.90286	0.0995607	0.106777	1.01541	0.899956	2.12465	
-2.77904	6.7585	3.80799	4.68201	1.94615	-2.74651	6.86867	-2.88957	6.61214	-1.72295	-4.90566	0.0996076	0.106967	1.0185	0.900852	1.41182	
-2.74105	6.5692	3.78061	4.84438	2.23877	-2.57673	6.36755	-2.97559	6.36681	-1.71797	-4.90774	0.100516	0.107522	1.02613	0.902047	0.95797	
-2.83449	6.30981	4.30032	4.6881	0.897481	-2.90217	6.22989	-3.0614	6.12139	-1.71464	-4.90911	0.101339	0.107968	1.02914	0.901064	1.1486	
-3.07541	6.01111	5.46273	4.19277	-1.57893	-3.50172	6.10796	-3.14709	5.87592	-1.71297	-4.90976	0.101238	0.108091	1.02902	0.899322	5.53901	
-3.1969	5.71473	5.94561	4.2082	-1.02426	-3.1778	5.53101	-3.23274	5.63043	-1.71295	-4.9097	0.101062	0.108007	1.02958	0.897724	2.30759	
-3.30461	5.423	6.32237	4.26508	-0.514999	-3.19736	5.19093	-3.31843	5.38496	-1.71458	-4.90893	0.100865	0.107819	1.02954	0.897327	0.92972	
-3.44822	5.1372	6.4037	4.24552	-0.526956	-3.43031	5.10507	-3.40424	5.13955	-1.71787	-4.90745	0.100703	0.107605	1.03011	0.897002	0.0860442	
-3.49054	4.9027	5.80492	4.3843	0.574783	-3.4281	4.94644	-3.49026	4.89422	-1.72281	-4.90525	0.100505	0.107395	1.02812	0.895999	0.573586	
-3.6622	4.56062	6.68664	4.34935	0.24871	-3.69435	4.52196	-3.57657	4.64902	-1.72939	-4.90233	0.100451	0.107327	1.0269	0.898219	0.341504	
-3.72377	4.32042	5.64965	4.35541	-0.133418	-3.50501	4.17643	-3.66325	4.40398	-1.73763	-4.89868	0.100326	0.107244	1.02499	0.896803	1.24807	
-3.91094	4.02092	6.34154	4.28035	-0.449781	-4.00238	4.04684	-3.75039	4.15913	-1.74749	-4.8943	0.10063	0.107382	1.02456	0.896679	0.66384	
-3.93537	3.85189	5.15038	4.43323	0.814054	-4.06447	4.10977	-3.83806	3.91452	-1.75899	-4.88918	0.100617	0.107245	1.0228	0.894948	1.8838	
-3.93739	3.70764	4.00203	4.51966	0.98928	-3.88053	3.75177	-3.92635	3.67019	-1.77212	-4.8833	0.100425	0.107063	1.02273	0.895189	0.607511	
-3.96362	3.60113	3.14794	4.57105	0.953871	-4.23729	3.88878	-4.01533	3.42616	-1.78686	-4.87666	0.100283	0.107406	1.02416	0.90011	2.02449	
-4.08179	3.31817	4.38007	4.43306	-0.146345	-4.15119	3.21968	-4.10509	3.18248	-1.8032	-4.86925	0.100101	0.107529	1.02286	0.899309	1.49508	
-4.23404	2.99317	5.88196	4.2965	-0.69283	-4.27467	2.88187	-4.19571	2.93919	-1.82113	-4.86104	0.0999379	0.107375	1.02148	0.898165	1.27915	
-4.3854	2.65912	6.53341	4.24649	-0.743802	-4.32451	2.55034	-4.28727	2.69633	-1.84065	-4.85202	0.0999311	0.107195	1.02177	0.898511	1.01882	
-4.44933	2.41435	5.86307	4.36917	0.376635	-4.38481	2.39989	-4.37985	2.45393	-1.86173	-4.84218	0.0998333	0.10702	1.01985	0.897781	0.395257	
-4.56575	2.10347	6.26731	4.39527	0.491666	-4.61223	2.09192	-4.47352	2.21205	-1.88436	-4.83149	0.0998057	0.107026	1.01793	0.898738	0.167083	
-4.61944	1.96527	4.69109	4.28771	-0.880125	-4.29257	1.92854	-4.56836	1.97072	-1.90853	-4.81994	0.0996671	0.106825	1.01602	0.897671	2.56939	
-4.79069	1.60761	6.30217	4.24289	-0.867619	-4.86829	1.53442	-4.66444	1.72998	-1.93422	-4.80751	0.0997799	0.106887	1.01567	0.897368	1.22394	
-4.89709	1.39025	5.44795	4.2701	-0.102155	-4.98165	1.43611	-4.76186	1.48989	-1.9614	-4.79417	0.0999356	0.106861	1.01402	0.895727	0.37371	
-4.92459	1.25392	4.16515	4.20276	-0.658166	-4.66779	1.28643	-4.86066	1.25049	-1.99007	-4.7799	0.0998257	0.106663	1.01214	0.896777	4.06619	
-5.00839	1.09997	3.76136	4.17978	-0.502068	-4.98594	1.10894	-4.96095	1.01182	-2.02019	-4.76468	0.0996825	0.1066	1.01029	0.899909	0.0561984	
-5.05296	0.88781	3.92437	4.21734	-0.194117	-4.85498	0.825661	-5.06277	0.77393	-2.05174	-4.74848	0.0995002	0.106628	1.00849	0.901687	2.40889	
-5.18675	0.409061	6.98065	4.43536	0.796537	-4.84736	0.18101	-5.16621	0.536876	-2.08471	-4.73127	0.099325	0.106713	1.00669	0.908025	6.11706	
-5.23821	0.178006	6.07549	4.40647	0.470935	-5.1231	0.257311	-5.27133	0.300706	-2.11906	-4.71303	0.0991631	0.106776	1.00499	0.908716	1.3366	
-5.36684	-0.0764338	5.83969	4.37987	0.449402	-5.99809	-0.290765	-5.3782	0.0654719	-2.15477	-4.69374	0.0989844	0.106926	1.00327	0.908428	5.72172	
-5.41734	-0.251581	4.94875	4.34765	0.13303	-5.29972	-0.212982	-5.4869	-0.168772	-2.1918	-4.67335	0.0988933	0.106848	1.00177	0.90678	0.975788	
-5.54268	-0.291877	4.03777	4.12266	-1.50599	-5.64447	-0.144522	-5.59748	-0.401971	-2.23014	-4.65185	0.0987691	0.10686	0.999958	0.908492	2.17849	
-5.69369	-0.452957	4.28219	4.03818	-1.44531	-5.85359	-0.445801	-5.71001	-0.634069	-2.26974	-4.62919	0.0985955	0.10722	0.998446	0.910126	1.47197	
-5.79994	-0.700458	5.01538	4.06393	-1.00931	-5.30947	-0.724468	-5.82456	-0.865006	-2.31058	-4.60536	0.0984291	0.107481	0.99758	0.909219	3.29496	
-5.90072	-1.12454	6.25989	4.39358	1.00698	-5.87835	-1.26863	-5.94118	-1.09472	-2.35262	-4.58032	0.0982824	0.107303	0.996065	0.911255	2.4534	
-5.97204	-1.49255	7.37808	4.45802	0.701228	-5.68069	-1.52871	-6.05993	-1.32316	-2.39581	-4.55404	0.0982472	0.107589	0.994807	0.922668	1.64106	
-6.15708	-1.60117	5.39141	4.22546	-0.487492	-6.27263	-1.50938	-6.18087	-1.55025	-2.44014	-4.52648	0.0980825	0.10744	0.993047	0.921134	2.56267	
-6.28794	-1.83568	5.88647	4.14849	-0.985802	-6.11355	-1.75966	-6.30406	-1.77593	-2.48555	-4.49762	0.0979131	0.107308	0.992065	0.919939	0.566793	
-6.39521	-2.1274	6.09848	4.18262	-0.557944	-6.34007	-2.13685	-6.42954	-2.00014	-2.532	-4.46742	0.0977613	0.107385	0.99085	0.919528	0.2499	
-6.598	-2.22917	4.68377	3.97117	-1.30736	-6.99344	-2.17445	-6.55738	-2.22281	-2.57946	-4.43585	0.0976188	0.107197	0.989709	0.919751	2.92269	
-6.75177	-2.42453	4.9096	3.93325	-1.13949	-6.79288	-2.4458	-6.68761	-2.44386	-2.62788	-4.40288	0.0975215	0.107015	0.98917	0.919715	0.138243	
-6.93236	-2.60096	4.97789	3.87644	-1.10825	-7.14408	-2.67584	-6.82029	-2.66323	-2.6772	-4.36847	0.0975761	0.106891	0.989265	0.920128	0.594506	
-6.95607	-3.01695	5.5011	4.3442	1.36239	-6.8003	-3.10086	-6.95546	-2.88084	-2.7274	-4.3326	0.097406	0.107007	0.988525	0.919736	3.35357	
-7.09226	-3.23679	5.87407	4.25828	0.470691	-7.13937	-3.22028	-7.09316	-3.09663	-2.7784	-4.29523	0.0972367	0.10714	0.986879	0.919965	0.214077	
-7.20337	-3.35586	4.80515	4.12699	-0.221347	-7.12118	-3.26434	-7.23344	-3.3105	-2.83017	-4.25632	0.0970845	0.106987	0.985224	0.918491	1.21007	
-7.34508	-3.68705	5.82933	4.23834	0.400391	-7.77186	-4.08999	-7.37632	-3.5224	-2.88265	-4.21586	0.0969343	0.107239	0.98361	0.918676	4.59122	
-7.55522	-3.66401	4.45122	3.84726	-1.53917	-7.49009	-3.49081	-7.52184	-3.73223	-2.93579	-4.1738	0.0967874	0.10713	0.982276	0.920194	3.3173	
-7.69494	-3.86136	5.13515	3.87948	-1.04534	-7.52393	-3.88213	-7.67004	-3.93992	-2.98953	-4.13012	0.0966325	0.107045	0.981738	0.919467	0.567207	
-7.82113	-4.18275	5.68932	4.11593	0.308694	-7.88049	-4.29783	-7.82094	-4.14538	-3.04381	-4.08479	0.0964674	0.106884	0.980101	0.918616	1.46737	
-7.96773	-4.44011	5.94847	4.17545	0.526358	-8.08524	-4.57834	-7.97457	-4.34854	-3.09857	-4.03778	0.0963041	0.106836	0.978438	0.919188	0.422931	
-8.12877	-4.72699	6.37331	4.20429	0.552815	-8.22492	-4.79812	-8.13095	-4.5493	-3.15376	-3.98906	0.0961408	0.107155	0.976784	0.922223	0.941163	
-8.27343	-4.94909	5.63725	4.21293	0.630358	-8.453	-4.95621	-8.2901	-4.74759	-3.2093	-3.93862	0.0959832	0.107613	0.975581	0.922533	0.519599	
-8.37617	-5.14543	5.32971	4.20042	0.413598	-8.33552	-5.1059	-8.45204	-4.94331	-3.26514	-3.88641	0.0959225	0.10807	0.974677	0.922034	0.224553	
-8.56832	-5.21849	4.76326	3.95039	-0.980801	-8.55062	-4.79248	-8.61678	-5.13637	-3.32121	-3.83242	0.0958026	0.107994	0.973042	0.920758	2.7972	
-8.7697	-5.43721	5.33269	3.92478	-0.747659	-8.91477	-5.51752	-8.78433	-5.32669	-3.37745	-3.77663	0.095646	0.108002	0.971691	0.919217	1.78502	
-8.94757	-5.62385	5.29744	3.89838	-0.678156	-9.04115	-5.69364	-8.95469	-5.51417	-3.43377	-3.71901	0.0954873	0.108008	0.97037	0.917696	0.161957	
-9.07808	-5.8142	5.20824	3.93997	-0.345788	-9.03391	-5.80267	-9.12788	-5.69872	-3.49012	-3.65955	0.0953718	0.108034	0.968793	0.916179	0.158141	
-9.2381	-5.88149	4.87453	3.78	-1.03897	-8.86897	-5.41973	-9.30388	-5.88026	-3.54643	-3.59823	0.095289	0.107855	0.967419	0.915531	4.36989	
-9.39946	-5.90629	4.3115	3.58054	-1.72084	-9.30811	-5.82368	-9.4827	-6.05868	-3.60261	-3.53503	0.0952517	0.108032	0.965975	0.919238	1.11441	
-9.61313	-6.08225	5.12839	3.63929	-1.04443	-9.80646	-6.41174	-9.66432	-6.23389	-3.6586	-3.46994	0.0951402	0.108204	0.96561	0.919594	1.90301	
-9.65587	-6.45717	4.87277	4.18014	1.47959	-9.62547	-6.55958	-9.84874	-6.4058	-3.71431	-3.40295	0.095624	0.108066	0.966643	0.919215	1.99198	
-9.94954	-6.56363	5.3713	3.85994	-0.291099	-10.6688	-6.35543	-10.0359	-6.57431	-3.76969	-3.33404	0.0955953	0.107892	0.96519	0.917784	6.27828	
-10.1486	-6.78494	5.79799	3.89448	-0.0358306	-10.2246	-6.83402	-10.2259	-6.73933	-3.82463	-3.26321	0.0955415	0.107747	0.963896	0.917161	0.563037	
-10.3391	-6.91982	5.57655	3.81695	-0.395127	-10.2205	-6.71044	-10.4186	-6.90075	-3.87907	-3.19046	0.0954938	0.107578	0.962707	0.915826	0.703282	
-10.5963	-7.18009	6.3895	3.86705	-0.0706028	-10.7616	-7.29159	-10.614	-7.05849	-3.93293	-3.11577	0.0953445	0.107626	0.962357	0.916574	2.75529	
-10.8442	-7.24168	5.61358	3.65893	-1.01834	-10.8944	-6.83335	-10.8121	-7.21245	-3.98613	-3.03916	0.0952081	0.107465	0.962141	0.915217	1.71889	
-11.0984	-7.48003	6.29601	3.73964	-0.374739	-11.2219	-7.56979	-11.0128	-7.36252	-4.03859	-2.96062	0.0951788	0.107499	0.962861	0.914344	1.69575	
-11.2823	-7.58642	5.50243	3.69132	-0.51494	-10.986	-7.3707	-11.2161	-7.50862	-4.09021	-2.88015	0.0950999	0.107417	0.961919	0.912878	1.80262	
-11.3053	-7.76531	4.5831	3.90271	0.518978	-11.0934	-7.6776	-11.422	-7.65064	-4.14093	-2.79777	0.0951767	0.107441	0.961506	0.91165	3.89126	
-11.5026	-7.85539	5.20666	3.77685	-0.223162	-11.4213	-7.46085	-11.6304	-7.78849	-4.19066	-2.71349	0.0952984	0.107336	0.959974	0.910444	1.74269	
-11.6433	-7.90882	4.6277	3.67751	-0.628407	-11.5269	-7.8215	-11.8413	-7.92208	-4.23932	-2.6273	0.0957986	0.107168	0.958561	0.90912	1.49495	
-11.8564	-8.00235	4.98452	3.59418	-0.852529	-11.9422	-7.88317	-12.0546	-8.05131	-4.28682	-2.53924	0.0962944	0.107034	0.957107	0.907906	0.168935	
-12.072	-8.08244	5.0615	3.52388	-0.966084	-12.09	-8.08828	-12.2702	-8.17609	-4.33309	-2.44932	0.0967845	0.106994	0.955813	0.90702	0.0272897	
-12.3431	-8.16059	5.96378	3.44598	-1.0357	-12.4462	-8.02117	-12.4881	-8.29633	-4.37802	-2.35756	0.0969737	0.107097	0.957139	0.906157	0.355885	
-12.5076	-8.28235	5.49014	3.54989	-0.400284	-12.4231	-8.2599	-12.7082	-8.41193	-4.42156	-2.26399	0.0974705	0.107174	0.956263	0.904748	0.612199	
-12.7363	-8.33854	5.17486	3.46734	-0.698075	-12.7461	-8.19449	-12.9304	-8.5228	-4.4636	-2.16863	0.0979211	0.107502	0.955083	0.903788	0.188782	
-13.0635	-8.50512	6.09358	3.51825	-0.337996	-13.2911	-8.64594	-13.1547	-8.62886	-4.50407	-2.07151	0.0979009	0.107556	0.955798	0.902429	4.92644	
-13.3749	-8.55785	5.96044	3.38299	-0.944189	-13.7929	-8.47158	-13.381	-8.73002	-4.54289	-1.97267	0.0977494	0.107817	0.956831	0.901543	1.63371	
-13.5249	-8.63093	5.26507	3.43643	-0.531798	-13.384	-8.57583	-13.6092	-8.82619	-4.57997	-1.87214	0.0977107	0.108196	0.955688	0.900348	1.63234	
-13.7498	-8.62818	5.11448	3.30696	-0.98734	-13.6376	-8.26343	-13.8392	-8.91729	-4.61524	-1.76997	0.0976862	0.109217	0.954511	0.900435	1.36698	
-13.9223	-8.88629	5.01009	3.66382	0.757464	-13.9959	-8.99264	-14.0709	-9.00324	-4.64861	-1.6662	0.0978835	0.109241	0.953192	0.900235	1.69613	
-14.1866	-8.97742	5.60223	3.60713	0.315495	-14.4737	-8.79552	-14.3043	-9.08395	-4.68001	-1.56086	0.0979504	0.109233	0.951901	0.900405	0.756791	
-14.3966	-9.15395	5.75459	3.72968	0.765963	-14.4273	-9.1875	-14.5391	-9.15936	-4.70936	-1.45402	0.0981175	0.109066	0.950454	0.904152	0.177939	
-14.5872	-9.29831	5.24188	3.78629	0.857541	-14.5757	-9.32634	-14.7754	-9.22939	-4.73658	-1.34573	0.0985174	0.108966	0.949484	0.908254	0.0677419	
-14.9903	-9.10867	5.15717	3.15033	-2.0021	-15.062	-9.04396	-15.013	-9.29397	-4.76161	-1.23603	0.0983755	0.109279	0.948291	0.909247	2.09169	
-15.2902	-9.18788	5.86865	3.18094	-1.39222	-15.6189	-9.69365	-15.2517	-9.35302	-4.78436	-1.125	0.0982491	0.109492	0.948716	0.909202	4.02631	
-15.5294	-9.4139	5.5944	3.46996	0.105456	-15.6682	-9.56749	-15.4916	-9.40649	-4.80476	-1.01269	0.0981226	0.109327	0.947666	0.908869	3.41877	
-15.7673	-9.46615	4.99874	3.43121	-0.151478	-15.9382	-9.35751	-15.7324	-9.45431	-4.82275	-0.899159	0.0979934	0.109164	0.94624	0.907962	0.319293	
-16.0141	-9.55316	5.26551	3.45772	-0.00521077	-16.0862	-9.59819	-15.9741	-9.49642	-4.83827	-0.784484	0.0978707	0.109044	0.944862	0.907801	0.488356	
-16.2844	-9.52703	5.24536	3.26094	-0.922566	-16.6033	-8.85459	-16.2164	-9.53277	-4.85124	-0.668734	0.097795	0.108881	0.943648	0.906444	2.01109	
-16.5039	-9.43103	5.04933	3.03654	-1.70708	-16.4229	-9.37029	-16.4594	-9.5633	-4.8616	-0.55198	0.0976792	0.108959	0.942279	0.907017	0.780992	
-16.6899	-9.42884	5.42561	3.10214	-0.717215	-16.011	-9.33486	-16.7027	-9.58797	-4.8693	-0.434301	0.0975363	0.109142	0.941358	0.906356	5.33475	
-17.0038	-9.3827	5.93691	3.02963	-0.902967	-17.1132	-9.43043	-16.9464	-9.60673	-4.87427	-0.315773	0.0974415	0.109661	0.941619	0.906581	0.953832	
-17.2407	-9.51598	5.25914	3.26481	0.304614	-16.9255	-10.8571	-17.1903	-9.61954	-4.87646	-0.196479	0.0973359	0.109644	0.940409	0.905569	7.59441	
-17.4995	-9.54189	5.38266	3.29391	0.319585	-17.5448	-9.57485	-17.4342	-9.62636	-4.87583	-0.0765024	0.0972569	0.109578	0.939332	0.905126	0.203249	
-17.7721	-9.54433	5.08403	3.23572	-0.126027	-18.1371	-9.39146	-17.6781	-9.62717	-4.87232	0.0440703	0.0972475	0.109509	0.938005	0.904237	1.1046	
-18.0135	-9.46847	5.10385	3.09497	-0.725656	-17.9724	-9.42299	-17.9216	-9.62194	-4.86588	0.165151	0.0972322	0.109664	0.936714	0.902919	0.308801	
-18.2609	-9.42764	5.34116	3.02996	-0.816345	-18.3083	-9.18778	-18.1648	-9.61064	-4.85648	0.286648	0.097229	0.109949	0.935662	0.901752	0.222038	
-18.3663	-9.58366	4.21635	3.34885	0.679097	-18.2763	-9.60997	-18.4074	-9.59325	-4.84408	0.40847	0.0971125	0.10979	0.935101	0.903069	1.15327	
-18.5613	-9.61526	4.79599	3.38426	0.750395	-18.2443	-9.58547	-18.6493	-9.56977	-4.82864	0.530522	0.0970873	0.109658	0.933787	0.906309	1.18619	
-18.8677	-9.52729	5.28177	3.14115	-0.460097	-18.9545	-9.51544	-18.8904	-9.54017	-4.81012	0.652707	0.0969542	0.109501	0.932779	0.905672	0.796524	
-19.0768	-9.47781	5.4046	3.07375	-0.523579	-18.6983	-9.02886	-19.1305	-9.50447	-4.78851	0.774927	0.096857	0.109352	0.931995	0.904629	3.6886	
-19.3631	-9.18629	5.93282	2.63252	-2.21081	-19.2983	-9.09865	-19.3694	-9.46265	-4.76378	0.897083	0.0967179	0.110198	0.93092	0.909647	1.35589	
-19.6307	-9.07286	6.48187	2.68965	-1.08529	-19.7037	-8.79906	-19.6069	-9.41472	-4.73591	1.01907	0.0965873	0.111555	0.931433	0.913516	0.469383	
-19.8765	-8.95134	6.15603	2.6759	-0.946127	-19.8731	-8.96417	-19.8431	-9.36071	-4.70487	1.1408	0.0964654	0.11353	0.931072	0.916336	0.0359582	
-20.1776	-8.71197	7.11729	2.56858	-1.02776	-20.3815	-7.6755	-20.0775	-9.30061	-4.67066	1.26215	0.0964759	0.117653	0.932374	0.925493	3.24407	
-20.1675	-9.37364	1.72147	3.38967	3.00813	-20.1607	-9.59663	-20.3102	-9.23446	-4.63328	1.38303	0.0966391	0.11772	0.944395	0.929186	10.9647	
-20.3668	-9.39203	3.88399	3.47692	2.66927	-20.4587	-9.7448	-20.5409	-9.16227	-4.59271	1.50334	0.0969472	0.118188	0.94434	0.939634	1.7328	
-20.6334	-9.14848	3.83315	3.01849	-0.110649	-20.6596	-8.91527	-20.7696	-9.08409	-4.54895	1.62296	0.0970808	0.118071	0.943835	0.940305	5.8103	
-20.8836	-9.10806	4.60903	2.97517	-0.270679	-21.5568	-8.5005	-20.9959	-8.99994	-4.50202	1.74179	0.0971271	0.118044	0.942504	0.940414	3.41569	
-21.0814	-8.91544	4.82948	2.67333	-1.46692	-21.0195	-8.85081	-21.2198	-8.90987	-4.45191	1.85972	0.0972679	0.117878	0.941205	0.939242	0.738655	
-21.3502	-8.83065	5.59127	2.7286	-0.821245	-21.8628	-8.64129	-21.4412	-8.81393	-4.39865	1.97666	0.0972508	0.117715	0.940662	0.938029	2.471	
-21.5185	-8.83695	4.65439	2.87224	-0.154658	-21.5029	-8.87191	-21.6597	-8.71217	-4.34224	2.0925	0.0974016	0.117736	0.939375	0.937804	0.326797	
-21.7226	-8.66607	4.63569	2.68394	-1.06394	-21.9514	-7.41274	-21.8754	-8.60465	-4.2827	2.20712	0.0976001	0.117616	0.938085	0.936531	4.15387	
-21.9235	-8.55484	4.73358	2.64843	-0.98195	-21.9793	-8.57089	-22.0881	-8.49143	-4.22007	2.32043	0.0978502	0.1175	0.936781	0.935235	0.214036	
-22.1474	-8.40798	5.66851	2.65118	-0.401574	-22.1914	-7.70392	-22.2975	-8.37258	-4.15437	2.43232	0.0980338	0.117351	0.936542	0.934019	1.66252	
-22.4248	-8.30049	5.81683	2.70242	-0.138731	-22.5838	-8.35296	-22.5035	-8.24817	-4.08564	2.5427	0.0979855	0.117221	0.937301	0.932732	1.77789	
-22.6133	-8.19041	5.02247	2.65988	-0.478659	-22.3177	-8.57758	-22.7061	-8.11829	-4.01391	2.65145	0.0979715	0.11712	0.936287	0.931599	0.841604	
-22.9221	-7.7364	6.97639	2.24628	-2.13636	-22.9861	-7.6724	-22.9049	-7.98301	-3.93923	2.75848	0.0978406	0.117673	0.93526	0.940935	1.59797	
-23.1498	-7.55569	6.68186	2.30103	-1.34975	-23.2693	-8.32031	-23.1	-7.84243	-3.86163	2.8637	0.097741	0.118468	0.934495	0.946155	2.61928	
-23.3424	-7.45843	5.61388	2.29025	-1.39592	-23.4777	-7.56583	-23.2911	-7.69663	-3.78118	2.967	0.0976439	0.118961	0.933224	0.947141	2.04088	
-23.5601	-7.21866	6.52431	2.37893	0.324293	-23.473	-7.02103	-23.4781	-7.54572	-3.69792	3.06828	0.0976047	0.120022	0.93347	0.948832	1.0418	
-23.6365	-7.30174	4.01056	2.60031	1.44865	-23.5408	-7.36069	-23.6609	-7.3898	-3.61191	3.16746	0.0974799	0.119947	0.932242	0.94928	2.00305	
-23.8176	-7.16896	4.10424	2.6355	1.19509	-24.0505	-6.56968	-23.8393	-7.22897	-3.52321	3.26445	0.0973539	0.119824	0.930981	0.950316	0.81799	
-23.945	-7.20163	3.48992	2.88033	2.18158	-23.9384	-7.26171	-24.0132	-7.06336	-3.43189	3.35916	0.0972867	0.119878	0.929724	0.957613	0.534758	
-24.0907	-7.10492	3.10506	2.86728	1.5154	-24.3577	-5.94086	-24.1825	-6.89307	-3.33801	3.45149	0.0972722	0.120222	0.928644	0.965899	2.7479	
-24.2932	-6.63649	4.26827	2.065	-2.3742	-24.2574	-6.4352	-24.347	-6.71823	-3.24166	3.54138	0.0971812	0.120135	0.929542	0.964661	5.52394	
-24.4613	-6.56569	4.29023	2.37276	-0.289035	-24.788	-7.18367	-24.5066	-6.53896	-3.14289	3.62873	0.0970789	0.119981	0.928296	0.963945	3.88102	
-24.4922	-6.49255	2.97484	2.37615	-0.10447	-24.3008	-6.43799	-24.6612	-6.35538	-3.0418	3.71347	0.0973427	0.12003	0.928213	0.966447	2.54794	
-24.6246	-6.34819	3.73544	2.39023	0.174793	-24.6108	-6.00878	-24.8107	-6.16764	-2.93846	3.79553	0.0976877	0.120233	0.927034	0.967301	0.417315	
-24.9022	-5.98137	5.42768	2.13827	-1.36838	-25.146	-5.91902	-24.955	-5.97587	-2.83295	3.87484	0.0975956	0.120073	0.925808	0.96669	5.17125	
-25.0387	-5.76183	5.72744	2.18941	-0.396469	-24.8975	-5.02285	-25.094	-5.7802	-2.72537	3.95132	0.0975074	0.119917	0.925087	0.966107	1.9887	
-25.1712	-5.60826	5.0265	2.21953	-0.246464	-25.1941	-5.64372	-25.2276	-5.58079	-2.61581	4.02492	0.0974213	0.119766	0.924113	0.964826	0.198563	
-25.3288	-5.406	5.07373	2.21212	-0.269944	-25.5328	-5.4399	-25.3556	-5.37777	-2.50435	4.09557	0.097302	0.119616	0.923294	0.96355	0.501687	
-25.4968	-5.11171	5.71878	2.1415	-0.582912	-25.5713	-5.10241	-25.4779	-5.1713	-2.39109	4.16322	0.0971784	0.119498	0.922773	0.962855	0.413658	
-25.6068	-4.9872	4.80142	2.21594	0.0417185	-25.0178	-6.55904	-25.5946	-4.96152	-2.27613	4.22781	0.0970525	0.119347	0.922091	0.961797	5.49199	
-25.7088	-4.87856	4.10122	2.27271	0.267051	-25.6952	-4.89995	-25.7055	-4.7486	-2.15956	4.2893	0.0969252	0.119377	0.92122	0.962363	0.129805	
-25.8213	-4.71354	3.91971	2.2485	-0.0330292	-25.8162	-4.40681	-25.8105	-4.53268	-2.04149	4.34764	0.0967998	0.119579	0.92026	0.963381	0.225058	
-25.9563	-4.33884	5.23691	2.01535	-1.20518	-25.9516	-4.26659	-25.9096	-4.31392	-1.92202	4.40279	0.0967028	0.119429	0.919212	0.962266	0.915613	
-26.098	-4.10783	5.30676	1.95293	-1.5248	-26.8953	-4.43966	-26.0027	-4.0925	-1.80125	4.45471	0.0966992	0.119276	0.918059	0.96131	8.37488	
-26.1766	-3.72493	6.33316	1.81295	-1.68272	-26.1198	-3.67723	-26.0897	-3.86856	-1.67928	4.50337	0.096675	0.119346	0.916903	0.963715	0.517017	
-26.2721	-3.4608	6.07271	1.81911	-1.07718	-26.5652	-3.85723	-26.1706	-3.64227	-1.55623	4.54875	0.0966878	0.119549	0.91572	0.964871	1.70796	
-26.2556	-3.26304	5.13214	1.75377	-1.05279	-25.9974	-3.24722	-26.2453	-3.41381	-1.4322	4.59081	0.0965642	0.11964	0.914887	0.963902	3.83832	
-26.3071	-3.01265	5.13936	1.76822	-0.332864	-26.2976	-3.01078	-26.3138	-3.18332	-1.30729	4.62954	0.0964403	0.119799	0.913834	0.962884	0.107833	
-26.3064	-2.87049	4.22608	1.74699	-0.330073	-26.1741	-2.87885	-26.376	-2.95098	-1.18162	4.66493	0.0963809	0.119715	0.912932	0.961985	1.09802	
-26.3541	-2.70718	3.91106	1.78412	0.161248	-26.4681	-3.44967	-26.4319	-2.71697	-1.05529	4.69696	0.0963378	0.119562	0.911834	0.961771	1.38377	
-26.4257	-2.66792	2.84937	1.84303	0.380507	-26.674	-2.73852	-26.4815	-2.48143	-0.928411	4.72562	0.0962559	0.119781	0.910704	0.965752	3.82211	
-26.4733	-2.48819	3.17794	1.83899	0.160061	-26.657	-1.72382	-26.5247	-2.24456	-0.80109	4.75091	0.0961681	0.120259	0.909544	0.968274	1.17456	
-26.5408	-2.20358	4.15869	1.79378	-0.202203	-26.6691	-2.17333	-26.5616	-2.0065	-0.673434	4.77284	0.0960514	0.120517	0.908471	0.967717	1.17812	
-26.5678	-1.9683	4.51729	1.77356	-0.115224	-26.3248	-1.32261	-26.5921	-1.76744	-0.545553	4.79141	0.0959372	0.120789	0.907503	0.966665	1.59915	
-26.5828	-1.58189	5.78341	1.69529	-0.341142	-26.4671	-1.53207	-26.6161	-1.52753	-0.417552	4.80664	0.0958304	0.120667	0.906479	0.966579	1.16677	
-26.5846	-1.34499	5.31832	1.60034	-1.10263	-26.4998	-2.19526	-26.6338	-1.28695	-0.289538	4.81852	0.0957413	0.120549	0.905358	0.965681	1.3431	
-26.5843	-1.13011	4.93096	1.55091	-1.1083	-26.5998	-1.14277	-26.6451	-1.04586	-0.161616	4.8271	0.0956692	0.120472	0.904311	0.964478	0.0479359	
-26.6152	-0.954048	4.28701	1.565	-0.586628	-27.2008	-1.67679	-26.65	-0.804425	-0.0338883	4.83238	0.0955649	0.120554	0.903179	0.963654	5.3926	
-26.6411	-0.623288	5.20467	1.56827	-0.373527	-26.7355	-0.59539	-26.6485	-0.562811	0.0935412	4.83439	0.0954458	0.120441	0.902056	0.962624	0.676691	
-26.6356	-0.377911	5.17301	1.45771	-1.3957	-26.9891	0.0351487	-26.6406	-0.321181	0.220572	4.83317	0.0953267	0.120324	0.901111	0.961542	2.67115	
-26.5705	0.027318	6.37129	1.38059	-1.44971	-26.4553	0.0602653	-26.6264	-0.0796947	0.347104	4.82874	0.0952488	0.120292	0.901004	0.962985	1.00258	
-26.5529	0.304158	5.86443	1.41474	-0.459778	-26.9537	0.136943	-26.6059	0.161489	0.473041	4.82116	0.0951671	0.120353	0.900149	0.963008	3.17123	
-26.5347	0.580221	5.78482	1.39561	-0.471079	-26.6201	0.57588	-26.5792	0.402213	0.598287	4.81045	0.0950748	0.12053	0.899263	0.962824	0.398992	
-26.5136	0.841359	5.52478	1.41234	-0.114759	-26.8241	0.381506	-26.5462	0.642323	0.722748	4.79667	0.0949709	0.120788	0.89818	0.96219	1.44492	
-26.5235	1.07025	5.16255	1.41644	-0.108537	-26.7293	1.06082	-26.5069	0.881666	0.846334	4.77986	0.0948571	0.121002	0.897074	0.961134	2.32192	
-26.4667	1.4029	5.88765	1.43218	0.12306	-25.9562	2.60409	-26.4616	1.12009	0.968955	4.76007	0.0947406	0.121665	0.896002	0.96142	4.65491	
-26.4323	1.47702	4.23327	1.40102	0.00595489	-26.3986	1.42212	-26.4101	1.35745	1.09053	4.73737	0.0946305	0.12166	0.895094	0.960647	0.714768	
-26.3973	1.54134	3.06648	1.30749	-0.820853	-26.5072	-0.563928	-26.3526	1.59361	1.21096	4.71181	0.0945404	0.121538	0.89423	0.963377	7.68255	
-26.3537	1.77169	3.69269	1.28323	-0.74555	-26.3594	1.79315	-26.2891	1.82841	1.33018	4.68345	0.0944788	0.121422	0.893246	0.963855	0.0982615	
-26.2936	1.94976	3.92366	1.19478	-1.24682	-26.3475	1.82827	-26.2197	2.06173	1.44811	4.65235	0.0944342	0.1214	0.892156	0.963952	0.119394	
-26.2324	2.17179	4.19312	1.15736	-1.11128	-26.2502	2.18481	-26.1444	2.29342	1.56467	4.61859	0.0944191	0.1214	0.891089	0.963545	0.0439183	
-26.1684	2.35136	3.77077	1.16988	-0.480586	-26.069	2.27896	-26.0633	2.52336	1.67979	4.58223	0.0944465	0.121549	0.890066	0.963929	0.267068	
-26.0915	2.74847	5.36572	1.30945	0.299439	-26.0641	2.80701	-25.9765	2.75141	1.79339	4.54334	0.0945017	0.121401	0.889214	0.963276	0.788899	
-26.0039	2.94608	5.15949	1.10865	-1.44586	-26.3234	3.02388	-25.8841	2.97746	1.90543	4.502	0.0945712	0.121265	0.888351	0.962129	1.75075	
-25.8432	3.36469	6.72075	1.06943	-1.45819	-25.8345	3.42005	-25.7861	3.20139	2.01582	4.45828	0.0944988	0.121383	0.88928	0.963548	0.625495	
-25.7598	3.62202	5.85388	1.139	-0.220766	-26.1824	3.73376	-25.6826	3.42306	2.12452	4.41227	0.0944611	0.121629	0.888354	0.96341	2.7383	
-25.6757	3.69105	4.43031	1.00755	-0.889746	-25.6666	3.63509	-25.5737	3.64239	2.23146	4.36404	0.0944797	0.121507	0.887313	0.962731	0.628933	
-25.5679	3.82816	3.99272	0.933877	-1.00478	-25.5773	3.13316	-25.4596	3.85924	2.3366	4.31367	0.0945151	0.121371	0.886253	0.963093	0.936004	
-25.5342	3.97348	3.59111	0.894037	-1.02702	-25.7492	3.99968	-25.3402	4.07353	2.43989	4.26125	0.0948766	0.121324	0.885243	0.964589	2.70697	
-25.4219	4.0928	3.54153	0.808184	-1.21115	-25.3516	3.75691	-25.2157	4.28514	2.54127	4.20686	0.0952961	0.121543	0.884201	0.966783	0.362451	
-25.216	4.47774	5.39509	1.01841	0.0975576	-25.0214	4.52803	-25.0863	4.49399	2.64071	4.15058	0.0953926	0.121401	0.883199	0.965874	3.26187	
-25.0333	4.68182	5.37035	0.988054	0.229804	-24.2719	4.30917	-24.9518	4.69998	2.73817	4.09251	0.0953621	0.12126	0.882215	0.964918	8.01305	
-24.9434	4.87695	4.99157	0.991707	0.177023	-25.0363	4.88499	-24.8126	4.90303	2.83361	4.03273	0.0954614	0.121123	0.881186	0.963802	0.528895	
-24.7704	5.07673	5.23685	0.92459	-0.298024	-24.3609	4.95947	-24.6686	5.10304	2.92701	3.97132	0.0954768	0.120987	0.880215	0.962719	2.24086	
-24.5898	5.355	5.80002	0.941219	-0.122737	-24.5041	5.35293	-24.5201	5.29995	3.01833	3.90839	0.0954243	0.120874	0.879389	0.962329	0.477243	
-24.414	5.55412	5.81097	0.848628	-0.780619	-24.4379	5.24592	-24.367	5.49367	3.10754	3.84401	0.0953394	0.120768	0.879075	0.961524	0.290743	
-24.2284	5.66852	5.18115	0.731738	-1.06687	-24.1159	5.61152	-24.2095	5.68414	3.19464	3.77827	0.0952321	0.120629	0.878626	0.96052	1.02537	
-24.09	5.76041	4.44545	0.62509	-1.36957	-24.5638	4.75836	-24.0477	5.8713	3.27959	3.71127	0.0951427	0.120607	0.87774	0.960896	3.01688	
-23.9165	5.93299	4.66149	0.594128	-1.18235	-23.9153	5.94377	-23.8818	6.05508	3.36239	3.64309	0.0950466	0.12061	0.877049	0.961072	0.0225925	
-23.7615	6.08689	3.92809	0.653974	-0.300146	-23.5491	6.44495	-23.7117	6.23542	3.44302	3.57383	0.0949664	0.120683	0.876169	0.961651	0.786347	
-23.6278	6.27041	4.18843	0.715355	0.040746	-23.6471	6.29102	-23.5377	6.41227	3.52148	3.50357	0.0949554	0.120736	0.875324	0.961225	0.0803653	
-23.4889	6.40546	4.51705	0.662492	-0.434288	-23.7544	6.53746	-23.3598	6.58559	3.59775	3.4324	0.0950488	0.120907	0.874312	0.960628	1.06977	
-23.1998	6.82833	6.65544	0.940865	0.81134	-23.0099	6.86182	-23.1781	6.75533	3.67185	3.36041	0.0949447	0.120819	0.873384	0.964405	3.22887	
-22.9787	6.96157	6.01174	0.785915	0.0363703	-22.7862	5.74143	-22.9928	6.92146	3.74376	3.28768	0.0948377	0.120695	0.872713	0.964407	5.96146	
-22.7753	7.11566	5.62877	0.762283	0.0742661	-22.6991	7.063	-22.804	7.08393	3.8135	3.21431	0.0947386	0.120566	0.871797	0.963838	0.539658	
-22.5467	7.28924	5.90412	0.684306	-0.592511	-22.418	6.76159	-22.6117	7.24273	3.88106	3.14038	0.094681	0.120448	0.871431	0.963149	1.5115	
-22.4211	7.33123	4.68048	0.534281	-1.26247	-22.5083	7.31524	-22.4161	7.39782	3.94647	3.06598	0.094573	0.120352	0.870442	0.9626	0.793544	
-22.1894	7.48492	5.43697	0.474168	-1.37601	-22.0543	7.85452	-22.2173	7.54917	4.00974	2.99118	0.0944743	0.120254	0.870346	0.961808	0.439515	
-22.0259	7.63963	5.216	0.464373	-1.08506	-22.1947	7.69478	-22.0154	7.69679	4.07087	2.91607	0.094368	0.120148	0.869814	0.961111	1.90446	
-21.8197	7.86745	5.35301	0.621183	0.0430062	-21.6178	9.0351	-21.8105	7.84064	4.12989	2.84074	0.0942617	0.120018	0.86889	0.960107	3.78954	
-21.6471	7.95973	4.95523	0.525784	-0.383346	-21.6473	7.94	-21.6026	7.98072	4.18681	2.76526	0.0941786	0.119886	0.867918	0.959109	0.0826053	
-21.4701	8.06116	4.90982	0.462005	-0.726566	-21.8637	7.78661	-21.392	8.11703	4.24166	2.68971	0.0941452	0.11978	0.866966	0.95832	1.25308	
-21.263	7.94982	3.9765	0.124914	-1.87288	-21.0853	7.83229	-21.1787	8.24957	4.29447	2.61417	0.0941241	0.120489	0.866145	0.962517	3.3344	
-21.0788	8.05475	3.5267	0.185238	-1.05059	-20.5503	9.28616	-20.9628	8.37833	4.34526	2.53871	0.0941789	0.121329	0.866174	0.965603	4.31813	
-20.9154	8.35982	3.86516	0.632625	1.10482	-21.0519	8.50983	-20.7444	8.50333	4.39406	2.46341	0.0944213	0.121383	0.867315	0.964555	3.55739	
-20.6502	8.45449	5.63563	0.355245	-0.942403	-19.9265	9.40847	-20.5237	8.62457	4.4409	2.38835	0.0945054	0.121514	0.867261	0.963686	5.4048	
-20.3099	8.6883	6.80542	0.461947	-0.314204	-20.21	8.68914	-20.3006	8.74206	4.48582	2.31358	0.0944007	0.121405	0.869616	0.963209	0.883514	
-20.0765	8.87623	6.15826	0.579825	0.627749	-20.2277	8.8532	-20.0753	8.85583	4.52884	2.23919	0.0942953	0.121273	0.869143	0.963626	0.506626	
-19.9603	8.87828	4.71767	0.436016	-0.0715208	-20.0633	8.86724	-19.848	8.96589	4.57001	2.16524	0.0943392	0.121209	0.868285	0.962587	1.08014	
-19.7692	8.96399	4.6539	0.401648	-0.271918	-19.9264	8.78179	-19.6186	9.07227	4.60937	2.09179	0.0945014	0.121182	0.867456	0.961602	0.194748	
-19.5644	9.01502	4.53054	0.31438	-0.580537	-19.4861	8.96665	-19.3873	9.17499	4.64694	2.01891	0.0947642	0.121281	0.86664	0.960976	0.542919	
-19.2824	9.18991	5.58104	0.423747	0.0537335	-18.5719	10.2069	-19.1542	9.27409	4.68278	1.94666	0.0948513	0.121212	0.86589	0.960052	4.46045	
-18.9487	9.27748	6.04119	0.323879	-0.452795	-18.6786	9.19191	-18.9193	9.36959	4.71692	1.8751	0.0947566	0.121155	0.866235	0.958995	5.07749	
-18.7449	9.35206	5.42729	0.296543	-0.458492	-19.2825	8.98189	-18.6827	9.46154	4.7494	1.80429	0.0946972	0.121131	0.865528	0.957993	2.16314	
-18.4741	9.47987	5.76264	0.312329	-0.273423	-18.4242	9.46852	-18.4446	9.54996	4.78028	1.73429	0.0946032	0.121042	0.865206	0.956941	0.180502	
-18.2108	9.47662	5.48839	0.16298	-0.85349	-18.1634	8.72444	-18.2049	9.63492	4.80959	1.66514	0.0944999	0.121136	0.864722	0.956579	3.04935	
-17.8415	9.70688	6.70929	0.346783	0.15611	-17.7736	9.72478	-17.9639	9.71643	4.83737	1.59691	0.0945697	0.121005	0.866518	0.956067	0.708888	
-17.5269	9.87157	6.72095	0.4614	0.891204	-17.2296	9.97767	-17.7214	9.79457	4.86368	1.52964	0.0949026	0.120926	0.867251	0.957464	0.772546	
-17.3234	9.91005	5.78259	0.369237	0.334663	-17.3436	9.88109	-17.4777	9.86936	4.88856	1.46338	0.0950726	0.120809	0.866625	0.956864	0.289619	
-17.0543	10.0242	6.26129	0.334013	-0.193926	-17.1554	10.212	-17.2328	9.94087	4.91205	1.39818	0.0953334	0.12074	0.866946	0.95631	0.529586	
-16.8229	10.1208	5.90198	0.295815	-0.338982	-16.8876	10.145	-16.9868	10.0091	4.93421	1.33408	0.0955354	0.120721	0.866638	0.955442	0.310536	
-16.5564	10.1968	5.88811	0.254597	-0.48724	-16.5958	10.1078	-16.7396	10.0743	4.95507	1.27113	0.0958118	0.120725	0.86639	0.954458	0.0363063	
-16.3797	10.2505	5.19077	0.172014	-0.791206	-16.5153	10.3091	-16.4915	10.1362	4.97469	1.20937	0.0958491	0.120712	0.865478	0.953543	1.3985	
-16.1207	10.3253	5.52121	0.159422	-0.724947	-16.09	10.5824	-16.2424	10.1952	4.99311	1.14883	0.0959121	0.120733	0.864807	0.952599	0.34532	
-15.9699	10.2215	4.5746	-0.119693	-1.83659	-16.006	10.1843	-15.9924	10.2511	5.01039	1.08956	0.0958146	0.120611	0.86415	0.954593	0.549686	
-15.7649	10.2191	4.31953	-0.168563	-1.60339	-15.7234	10.41	-15.7416	10.3041	5.02655	1.03159	0.0957178	0.120546	0.863955	0.957033	0.19891	
-15.5716	10.1917	4.32371	-0.250287	-1.60973	-15.5699	10.1904	-15.4899	10.3543	5.04166	0.974957	0.09569	0.120651	0.863931	0.960684	0.000303301	
-15.25	10.2295	5.16683	-0.0824983	-0.460604	-14.2385	10.9109	-15.2376	10.4016	5.05576	0.919692	0.0955894	0.120785	0.863018	0.96167	7.18412	
-14.9457	10.4153	5.49973	0.282317	1.16643	-14.9365	10.4722	-14.9846	10.4462	5.06889	0.865828	0.0955043	0.120664	0.862154	0.961137	0.674323	
-14.7064	10.3783	5.21014	0.152761	0.505729	-14.724	9.63507	-14.7309	10.4882	5.0811	0.813394	0.0954093	0.120642	0.861242	0.960114	3.57157	
-14.4879	10.3268	4.77006	0.0538057	0.155635	-14.4088	10.222	-14.4766	10.5276	5.09243	0.762418	0.0953094	0.120869	0.860461	0.959378	1.2277	
-14.1956	10.3726	5.55995	0.0873692	0.194718	-13.9005	10.5238	-14.2218	10.5645	5.10293	0.712926	0.095216	0.121063	0.859783	0.958418	0.720631	
-13.7661	10.7772	7.15923	0.6657	2.81791	-13.8049	10.9383	-13.9665	10.5989	5.11263	0.664944	0.0955609	0.121213	0.859204	0.972862	3.48169	
-13.479	10.8252	6.76518	0.362655	0.0608836	-13.3956	10.7857	-13.7107	10.631	5.12159	0.618496	0.0960514	0.121413	0.860076	0.975274	1.22426	
-13.3593	10.7596	4.57175	0.378242	0.639978	-13.3556	10.5517	-13.4545	10.6608	5.12983	0.573603	0.0960496	0.12137	0.860121	0.975588	3.61875	
-12.9964	10.8884	6.88836	0.238444	-1.27073	-12.9374	10.8137	-13.1979	10.6884	5.13741	0.530288	0.0963923	0.121589	0.862172	0.975858	1.83215	
-12.8085	10.9243	5.90527	0.1042	-1.76479	-12.9591	11.0099	-12.9409	10.7138	5.14436	0.48857	0.0964821	0.121843	0.861914	0.974852	2.05947	
-12.5055	11.004	5.78852	0.122682	-1.01878	-12.2518	11.2495	-12.6836	10.7373	5.15071	0.448467	0.0967247	0.122326	0.861441	0.973904	0.674009	
-12.409	10.757	4.11872	-0.361012	-3.14334	-12.3713	10.6091	-12.426	10.7587	5.15651	0.409997	0.0966268	0.122198	0.862599	0.976611	2.69339	
-12.2154	10.7112	3.8063	-0.465141	-2.84652	-11.9352	10.9161	-12.1681	10.7783	5.16179	0.373177	0.0965503	0.122109	0.865436	0.980204	0.639727	
-11.927	10.8746	3.88159	-0.102564	-0.565349	-11.9451	11.0515	-11.91	10.7961	5.16658	0.338022	0.096453	0.122034	0.866582	0.979758	3.24469	
-11.6491	10.8641	4.89069	-0.0721421	-0.325006	-10.9703	10.9676	-11.6516	10.8121	5.17092	0.304546	0.0963529	0.121931	0.865786	0.979199	3.75032	
-11.4262	10.907	4.91015	-0.0178212	-0.0306518	-11.4548	10.9407	-11.393	10.8265	5.17484	0.272761	0.096265	0.121859	0.864974	0.978322	0.139724	
-11.2022	10.7922	5.48463	-0.306933	-1.53909	-11.3472	10.5111	-11.1342	10.8394	5.17836	0.242681	0.0962151	0.121752	0.864082	0.981119	1.08988	
-10.7684	10.7923	6.94974	-0.160384	-0.484448	-10.6009	10.6823	-10.8753	10.8509	5.18153	0.214317	0.0962383	0.121656	0.866552	0.981949	2.89106	
-10.4961	10.7985	5.89939	-0.0804487	0.272948	-10.6563	10.8369	-10.6161	10.8609	5.18435	0.187679	0.0962934	0.121564	0.866235	0.981398	0.652889	
-10.3113	10.7972	5.22111	-0.121889	0.0370353	-10.4142	10.8747	-10.3569	10.8697	5.18687	0.162776	0.0962167	0.121483	0.865345	0.981055	1.1334	
-10.0424	10.861	5.11171	0.043592	0.916381	-9.90413	11.2255	-10.0976	10.8772	5.1891	0.139618	0.0961506	0.121361	0.864466	0.980057	1.22199	
-9.77516	11.0112	5.44087	0.257155	1.66796	-9.83445	11.1032	-9.83809	10.8837	5.19106	0.118212	0.0960943	0.121374	0.863588	0.980726	0.899948	
-9.63664	10.8893	4.43102	-0.0804934	-0.607324	-10.195	10.3498	-9.57852	10.8891	5.19278	0.0985664	0.0960321	0.12125	0.863418	0.97994	4.52081	
-9.31716	10.9615	5.34592	-0.0370261	-0.444441	-9.3066	11.0348	-9.31887	10.8936	5.19428	0.0806865	0.0959343	0.121165	0.862564	0.979022	0.538473	
-9.1062	10.904	4.80504	-0.122323	-0.691194	-9.2226	10.3527	-9.05915	10.8972	5.19557	0.0645787	0.0958602	0.121042	0.861902	0.978467	2.67511	
-8.7852	10.9824	5.43692	0.00276567	0.11183	-8.78899	11.0707	-8.79937	10.9001	5.19667	0.050248	0.0957651	0.120976	0.861095	0.977475	0.681672	
-8.62438	10.8644	4.43004	-0.217066	-0.909607	-8.83914	10.0319	-8.53953	10.9023	5.19759	0.0376992	0.0957443	0.120866	0.861116	0.977504	6.52229	
-8.58643	10.7257	3.10324	-0.49043	-1.86582	-8.62045	10.6577	-8.27965	10.9039	5.19835	0.0269359	0.0966363	0.121009	0.867328	0.978806	0.862067	
-8.36218	10.7069	3.62839	-0.43756	-1.19625	-7.91543	11.1157	-8.01974	10.905	5.19896	0.0179617	0.0977557	0.121214	0.870698	0.98031	2.55544	
-7.78724	10.9056	5.07532	0.386455	2.79705	-7.51971	11.0005	-7.75979	10.9057	5.19942	0.0107791	0.0976651	0.121092	0.870109	0.983033	9.73931	
-7.54768	10.8448	5.36447	-0.00488496	-0.11551	-7.25987	10.6458	-7.49981	10.9061	5.19975	0.00539029	0.0975905	0.121001	0.869266	0.982046	2.56758	
-7.20102	10.8491	6.13359	-0.00981895	-0.119474	-7.15631	10.815	-7.23983	10.9063	5.19994	0.00179692	0.0975082	0.120907	0.869399	0.981066	0.294605	
